"id","tb_pts_contact_id","tb_type_qualificatif_id","permanence","num_tel_local","num_accueil","num_noir","email","website","horaire_accueil","horaire_tel_local"
1,1,3,1,"03 88 21 07 06",,,"adil.67@wanadoo.fr","www.adil67.org","Sur rendez-vous ou par téléphone : le lundi, mardi et jeudi de 8h30 à 12h30 et de 13h30 à 17h30 / le mercredi de 13h30 à 17h30 et le vendredi de 8h30 à 12h30 et de 13h30 à 16h30","Lundi, mardi et jeudi de 8h30 à 12h30 / 13h30 à 17h30 / Mercredi de 13h30 à 17h30 / Vendredi de 8h30 à 12h30 / 13h30 à 16h30"
2,2,3,1,"03 89 21 75 35",,,"contact@adil68.fr","www.adil68.org","Du lundi au jeudi de 8h30 à 12h et de 14h à 17h30, jusqu'à 17h le vendredi, fermé au public le jeudi matin","Du lundi au mercredi de 8h30 à 12h / 14h à 17h30 / Jeudi de 14h à 17h30 / Vendredi de 8h30 à 12h / 14h à 17h"
3,2,2,1,"03 89 21 75 35",,,"contact@adil68.fr","www.adil68.org","Du lundi au jeudi de 8h30 à 12h et de 14h à 17h30, jusqu'à 17h le vendredi, fermé au public le jeudi matin","Du lundi au jeudi de 8h30 à 12h et de 14h à 17h30, jusqu'à 17h le vendredi, fermé au public le jeudi matin"
4,3,1,0,"03 69 77 60 64",,,"info@alme-mulhouse.fr","http://www.alme-mulhouse.fr","Sur Rendez-vous","lundi et mercredi de 9h00 à 12h00 ; mardi et jeudi de 14h à 17h."
5,4,1,0,"03 88 23 33 90",,,"eie67@alteralsace.org / ","http://www.alteralsace.org","lundi au vendredi 9h-17h","lundi, mardi, mercredi, jeudi : 9h-12h30 , 13h30-17h00 / vendredi : 9h-12h30  / "
6,5,1,0,"03 89 50 06 20",,,"eie68@alteralsace.org","http://www.alteralsace.org","Les lundi, mardi de 8hà12h et 13hà17h sur rendez vous uniquement.Le jeudi de 8h à 12h et 13hà16h sur rendez vous uniquement.","Du lundi au vendredi de 9h à 17h"
7,6,1,0,"03 88 24 96 13",,,"chloe.letemplier@cca.asso.fr","http://www.cca.asso.fr","Lundi au jeudi : 8h30 -12h30 et 14h-17h vendredi : 8h30-12h30 et 14h-16h","Lundi au jeudi : 8h30 -12h30 et 14h-17h vendredi : 8h30-12h30 et 14h-16h"
8,7,1,0,"08 00 74 68 68",,,"espaceinfoenergie@agglo-colmar.fr","http://www.agglo-colmar.fr","Du lundi au Vendredi 9h-12h30 et 13h30-17h00","Lundi 9 H - 12 H / Vendredi 14 H - 17 H"
9,8,2,0,"03 69 20 75 52",,,"logement@cg67.fr",,"Du lundi au vendredi de 14h à 17h sur rendez-vous","Permanence téléphonique :Du lundi au vendredi de 9h à 12h et de 13h30 à 17h"
10,9,1,0,"03 88 97 39 69",,,"infoenergie@pays-bmp.fr","http://www.pays-bmp.fr/page-75-espace-info-energie.html","Du lundi au Vendredi 9h-12h30 et 13h30-17h00","Mercredi 14 H - 17 H Jeudi 14 H - 17 H Vendredi 9 H - 12 H"
11,10,1,0,"06 83 03 89 22",,,"eie@rhin-vignoble-grandballon.fr","http://www.rhin-vignoble-grandballon.fr","Du lundi au Vendredi 9h-12h30 et 13h30-17h00","Lundi 14 H - 17 H / Vendredi 9 H - 12 H / Vendredi 14 H - 17 H"
12,11,1,0,"03 68 47 90 40",,,"infoenergie@pays-thur-doller.fr","http://www.pays-thur-doller.fr","le lundi de 9h à 12h et de 13h à 18h, le mercredi, le jeudi et le vendredi de 13h à 18h","Du lundi au vendredi de 9h à 12h et de 14h à 18h"
13,12,1,0,"03 88 06 59 53",,,"info-energie@ville-haguenau.fr","http://www.ville-haguenau.fr","Du lundi au vendredi de 8H30 à 12H00 et de 13H30 à 17H30","Du lundi au vendredi de 8h30 à 12h – 14h à 17h "
14,13,1,0,"03 88 80 54 35",,,"info-energie@sauer-pechelbronn.fr","http://www.sauer-pechelbronn.fr","Du lundi au vendredi de 8H30 à 12H00 et de 13H30 à 17H30",
15,14,1,0,"03 89 72 47 93",,,"eie.rhin-ried@paysdebrisach.fr",,"du lundi au jeudi de 9h à 12h et de 14h à 17h15 - le vendredi de 8h30 à 12h et de 14h à 16h","Lundi 14 H - 17 H / Mardi 9 H - 12 H / Jeudi 9 H - 12 H"
16,15,1,0,"03 88 59 86 27",,,"infoenergie@ville-erstein.fr","http://www.ville-erstein.fr","mercredi et vendredi de 8hà12h et 13hà17h. Les lundi, mardi de 8hà12h et 13hà17h sur rendez vous uniquement.Le jeudi de 8hà12h et 13hà16h sur rendez vous uniquement.","Mercredi 9 H - 12 H / Vendredi 9 H - 12 H / Vendredi 14 H - 17 H"
17,16,1,0,"09 72 28 95 73",,,"info.energie@paysdesaverne.fr","http://www.paysdesaverne.fr","Du lundi au jeudi de 9h à 12h et de 14h à 18h","Du lundi au jeudi de 9h à 12h et de 14h à 18h"
19,18,2,0,"03 69 77 77 79",,,"habitermieux-louermieux@mulhouse-alsace.fr","www.mulhouse-alsace.fr","Du lundi au vendredi de 9h à 12h et de 14 à 17h","Du lundi au vendredi de 9h à 12h et de 14 à 17h"
20,19,3,1,"05 53 09 89 89",,,"Adil.24@wanadoo.fr","www.adil24.org","Lundi au Jeudi de 8h30 à 12h et 13h30 à 17h30 / Vendredi de 8h30 à 12h et 13h30 à 16h","Du lundi au jeudi de 8h30 à 12h / 13h30 à 17h30 / Vendredi de 8h30 à 12h / 13h30 à 16h"
21,19,2,1,"05 53 09 89 89",,,"Adil.24@wanadoo.fr","www.adil24.org","Lundi au Jeudi de 8h30 à 12h et 13h30 à 17h30 / Vendredi de 8h30 à 12h et 13h30 à 16h","Du lundi au jeudi de 8h30 à 12h / 13h30 à 17h30 / Vendredi de 8h30 à 12h / 13h30 à 16h"
22,20,3,1,"05 57 10 09 10",,,"adil33@wanadoo.fr","www.adil33.org","Lundi, Mardi, Mercredi, vendredi : 9h-12h et 14h-17h / Jeudi : 12h-17h","Lundi, mardi, mercredi, vendredi de 9h à 12h / 14h à 17h / Jeudi de 12h à 17h"
23,20,2,1,"05 57 10 09 10",,,"adil33@wanadoo.fr","www.adil33.org","Lundi, Mardi, Mercredi, vendredi : 9h-12h et 14h-17h / Jeudi : 12h-17h","Lundi, mardi, mercredi, vendredi de 9h à 12h / 14h à 17h / Jeudi de 12h à 17h"
24,21,3,1,"05 58 46 58 58",,,"contact@adil40.fr","www.adil40.fr","Lundi, mercredi, jeudi et vendredi 9h à 12h et 13h à 17h / Mardi 9h à 17h sans interruption","Lundi, mercredi, jeudi, vendredi de 9h à 12h / 13h à 17h / Mardi de 9h à 17h sans interruption"
25,21,2,1,"05 58 46 58 58",,,"contact@adil40.fr","www.adil40.fr","Lundi, mercredi, jeudi et vendredi 9h à 12h et 13h à 17h / Mardi 9h à 17h sans interruption","Lundi, mercredi, jeudi, vendredi de 9h à 12h / 13h à 17h / Mardi de 9h à 17h sans interruption"
26,22,3,1,"05 59 02 26 26",,,"adil_64@orange.fr","www.adil64.org","Réception sur RDV du lundi au vendredi de 8h30 à 12h30 et de 13h30 à 17h30 (sauf vendredi fermeture à 16h30)","Du lundi au jeudi de 8h30 à 12h30 / 13h30 à 17h30 / Vendredi de 8h30 à 12h30 / 13h30 à 16h30"
27,23,3,1,"05 59 59 11 00",,,"adil_64@orange.fr","www.adil64.org","Réception sur RDV du lundi au vendredi de 8h30 à 12h30 et de 13h30 à 17h30 (sauf vendredi fermeture à 16h30)","Du lundi au jeudi de 8h30 à 12h30 / 13h30 à 17h30 / Vendredi de 8h30 à 12h30 / 13h30 à 16h30"
28,24,3,1,"05 53 67 93 65",,,"adil-47@live.fr",,"Du lundi au vendredi de 9h à 12h / 13h à 17h / Samedi de 9h à 12h","Du lundi au vendredi de 9h à 12h / 13h à 17h / Samedi de 9h à 12h"
29,25,1,1,"05 53 48 46 74",,,"info.energie@caue47.com","http://www.caue47.com","Tous les jours et permanences délocalisées","du lundi au vendredi de 9h à 12 et de 14h à 17h"
30,26,1,1,"05 53 08 37 13",,,"m.cosset@cauedordogne.com","http://www.cauedordogne.com","Tous les jours et permanences délocalisées","du lundi au vendredi de 9h à 12 et de 14h à 17h"
31,27,1,1,"05 56 90 74 73",,,"eie.bordeaux@clcv.org","http://www.clcv.org","Tous les jours et permanences délocalisées","du lundi au jeudi 9h à 12h et de 14h à 17h "
32,28,1,1,"05 56 97 79 46",,,"eie.merignac@clcv.org","http://www.clcv.org","Tous les jours et permanences délocalisées","lundi, mardi, jeudi, vendredi de 9h à 12 et de 14h à 17h"
33,29,1,1,"05 56 30 06 31",,,"d.vignaud@clcv.org","http://www.clcv.org","Tous les jours et permanences délocalisées","lundi, mardi et jeudi 9h00 12h00 14h-17h et vendredi 9h00-12h30"
34,30,1,1,"05 53 71 05 34",,,"arpenergie@wanadoo.fr","www.cpie47.fr","Tous les jours et permanences délocalisées","du lundi au vendredi de 9h à 12 et de 14h à 17h"
35,31,1,1,"05 57 95 97 04",,,"asso@creaq.org","http://www.creaq.org","Tous les jours et permanences délocalisées","du lundi au vendredi de 9h à 12 et de 14h à 17h"
36,32,2,0,"05 53 69 32 37",,,"anah47@developpement-durable.gouv.fr",,"Du mardi au vendredi de 9h à 12h et de 14h à 17h","Du mardi au vendredi de 9h à 12h et de 14h à 17h"
37,33,2,0,"05 59 80 86 90",,,"ddtm-shlv@pyrenees-atlantiques.gouv.fr",,"Du lundi au vendredi de 14h à 16h30","Du lundi au vendredi de 9h à 12h et de 14h à 18h"
38,34,1,1,"05 56 77 33 23",,,"eie@mps-aquitaine.org","http://www.espaceenergie.info","Tous les jours et permanences délocalisées","du lundi au vendredi de 9h à 12 et de 14h à 17h"
39,35,1,1,"05 59 14 60 64",,,"infoenergie@pactbearn.com","http://www.infoenergie64.org","Tous les jours et permanences délocalisées","du lundi au vendredi de 9h à 12 et de 14h à 17h"
40,36,1,1,"05 53 06 81 20",,,"s.pere@pact-dordogne.fr","http://www.pact-dordogne.fr","Tous les jours et permanences délocalisées","du lundi au vendredi de 9h à 12 et de 14h à 17h"
41,37,1,1,"05 56 33 88 88",,,"adejean@pacthdgironde.com","http://www.pacthdgironde.com","Tous les jours et permanences délocalisées","du lundi au vendredi de 9h à 12 et de 14h à 17h"
42,38,1,1,"05 58 74 12 56",,,"infoenergie@pactdeslandes.org","http://www.pactdeslandes.org","Tous les jours et permanences délocalisées","du lundi au vendredi de 9h à 12 et de 14h à 17h"
43,39,1,1,"05 59 46 31 60",,,"eie@pacthd-pb.fr","http://www.infoenergie64.org","Tous les jours et permanences délocalisées","du lundi au vendredi de 9h à 12 et de 14h à 17h"
44,40,1,1,"05 53 55 36 00",,,"info@pnrpl.com","http://www.parc-naturel-perigord-limousin.fr/","Tous les jours et permanences délocalisées","du lundi au vendredi de 9h à 12 et de 14h à 17h"
45,401,3,1,"04 70 20 44 10",,,"adil03@orange.fr","www.adil03.org","Lundi - mardi - mercredi - jeudi de 9H à 12H et de 13H30 à 17H et vendredi de 13H30 à 16H30","Lundi - mardi - mercredi - jeudi de 9H à 12H et de 13H30 à 17H et vendredi de 13H30 à 16H30"
46,42,3,1,"04 73 42 30 75",,,"contact@adil63.org","www.adil63.org","Tous les jours (sauf lundi matin) de 8h30 à 12h et de 13h à 17h30","Tous les jours (sauf lundi matin) de 8h30 à 12h et de 13h à 17h30"
47,42,1,0,"04 73 42 30 76",,,"contact@adil63.org","http://www.adil63.org","Tous les jours (sauf lundi matin) de 8h30 à 12h et de 13h à 17h30","Tous les jours (sauf lundi matin) de 8h30 à 12h et de 13h à 17h30"
48,42,2,1,"04 73 42 30 75",,,"contact@adil63.org","www.adil63.org","Tous les jours (sauf lundi matin) de 8h30 à 12h et de 13h à 17h30","Tous les jours (sauf lundi matin) de 8h30 à 12h et de 13h à 17h30"
49,43,3,0,,,,,"www.allier.fr",,
50,43,2,0,"04 70 34 41 84",,,"PRIS03@cg03.fr","www.allier.fr","Lundi au vendredi de 9h00 à 12h30 et de 14h à 17h30","Lundi au vendredi de 9h00 à 12h30 et de 14h à 17h30"
51,44,2,0,"04 71 05 83 48",,,"ddt-anah@haute-loire.gouv.fr",,"Du lundi au vendredi de 8h30 à 11h30 et de 14h00 à 16h30","Du lundi au vendredi de 8h30 à 11h30 et de 13h30 à 16h30"
52,45,1,0,"04 71 07 41 78",,,"eie43@orange.fr","http://www.eie43.fr","Tous les jours de 9h à 12h et de 13h30 à 17h30","Tous les jours (sauf mercredi) de 9h à 12h et de 14h à 17h30 (sauf vendredi 17h)"
53,46,1,0,"04 70 28 77 46",,,"infoenergie.allier@wanadoo.fr","http://www.eie-pact03.fr","Tous les jours de 9h à 12h et de 13h30 à 17h","Du mardi au jeudi 9h à 12h et de 13h30 à 17h - Lundi et vendredi de 9h à 12h"
54,47,1,0,"04 71 48 88 14",,,"eie15@pact-habitat.org","www.info-energie-auvergne.org","Du lundi au jeudi de 8h à 12h et de 14h à 17h et le vendredi de 8h à 12h et de 14h à 16h","Tous les jours de 8h à 12h et de 14h à 17h (sauf vendredi à 16h)"
55,47,2,0,"04 71 48 32 00",,,"cantal@pact-habitat.org",,"Du lundi au jeudi de 8h à 12h et de 14h à 17h et le vendredi de 8h à 12h et de 14h à 16h","Du lundi au jeudi de 8h à 12h et de 14h à 17h et le vendredi de 8h à 12h et de 14h à 16h"
56,48,3,1,"02 33 32 94 76",,,"adil61@wanadoo.fr","www.adil.org/61","9h-12h / 14h- 18h","Du lundi au vendredi de 9h à 12h / 14h à 18h"
57,49,1,0,"02 31 34 24 88",,,"info@biomasse-normandie.org","http://www.biomasse-normandie.org","du lundi au vendredi 9h-12h/14h-17h30","du lundi au vendredi 9h-12h/14h-17h30"
58,50,1,0,"02 31 25 27 54",,,"cier.14@wanadoo.fr","http://www.cier14.org","du lundi au vendredi 9h30-12h30/13h30-17h30","du lundi au vendredi 9h30-12h30/13h30-17h30"
59,51,2,0,"02 33 32 50 00",,,"picanah@orne.gouv.fr",,"Du lundi au vendredi de 9h à 12h et de 13h30 à 17h.","Du lundi au vendredi de 9h à 12h et de 13h30 à 17h."
60,52,2,0,"02 33 06 39 00",,,"ddt-anah@manche.gouv.fr",,"Du lundi au vendredi de 14h à 16h30","Du lundi au vendredi de 14h à 16h30"
61,53,2,0,"02 31 43 16 13",,,"ddtm-anah@calvados.gouv.fr",,"Du lundi au vendredi de 9h à 11h45 sans rendez-vous, sur rendez-vous l'après midi.","Du lundi au vendredi de 8h45 à 16h"
62,54,1,0,"02 31 54 53 67",,,"grapeeie@yahoo.fr","http://www.grape-bassenormandie.fr","du lundi au vendredi 9h30-12h/13h30-17h","du lundi au vendredi 9h30-12h/13h30-17h"
63,55,1,0,"02 33 31 48 60",,,"eie61@hdgi.fr","http://www.habitatdeveloppement.fr","du lundi au vendredi 9h-12h/14h-17h","du lundi au vendredi 9h-12h/14h-17h"
64,56,1,0,"02 33 19 00 10",,,"info-energie@7vents.fr","http://www.7vents.fr","du lundi au vendredi 9h-12h30/14h-17h30","du lundi au vendredi 9h-12h30/14h-17h30"
65,57,3,1,"03 80 66 28 88",,,"adil.21@wanadoo.fr","www.adil21.org","Lundi 13h30-18h / Mardi au Jeudi 8h30 -12h et 13h30-18h / Vendredi 8h30-12h et 13h30-17h","Lundi au Jeudi 8h30-12h et 13h30-18h / Vendredi 8h30-12h et 13h30-17h"
66,57,2,1,"03 80 66 28 88",,,"adil.21@wanadoo.fr","www.adil21.org","Lundi 13h30-18h / Mardi au Jeudi 8h30 -12h et 13h30-18h / Vendredi 8h30-12h et 13h30-17h","Lundi au Jeudi 8h30-12h et 13h30-18h / Vendredi 8h30-12h et 13h30-17h"
67,58,3,1,"03 86 72 16 16",,,"contact@adil89.org","www.adil89.org","Lundi, mardi,  mercredi, jeudi: 9h - 12h et 14h – 17h30 / Vendredi : 9h - 12h","Lundi, mardi,  mercredi, jeudi: 9h - 12h et 14h – 17h30 / Vendredi : 9h - 12h"
68,58,1,0,"03 86 72 16 16",,,"infoenergie@adil89.org","http://www.adil89.org/","Lundi, mardi,  mercredi, jeudi: 9h - 12h et 14h – 17h30 / Vendredi : 9h - 12h","Lundi, mardi,  mercredi, jeudi: 9h - 12h et 14h – 17h30 / Vendredi : 9h - 12h"
69,58,2,1,"03 86 72 16 16",,,"contact@adil89.org","www.adil89.org","Lundi, mardi,  mercredi, jeudi: 9h - 12h et 14h – 17h30 / Vendredi : 9h - 12h","Lundi, mardi,  mercredi, jeudi: 9h - 12h et 14h – 17h30 / Vendredi : 9h - 12h"
70,59,3,1,"03 85 39 30 70",,,"adil71@adil71.org","www.adil71.org","Mardi, mercredi, jeudi, vendredi de 9h30 à12h et 13h30 à 18h","Mardi, mercredi, jeudi, vendredi de 9h30 à12h et 13h30 à 18h"
71,60,1,0,"03 86 38 22 20",,,"infoenergie@ale-nievre.org","http://www.ale-nievre.org","Mardi : 13h30 -17h30 - Mercredi : 9h - 12h30 - Jeudi : 13h - 17h","Mardi : 13h30 -17h30 - Mercredi : 9h - 12h30 - Jeudi : 13h - 17h"
72,61,1,0,"03 80 59 12 80",,,"infoenergie@ber.asso.fr","http://www.ber.asso.fr","Lundi : 14h -17h - Mardi, mercredi, jeudi : 9h30 - 12h30 et 14h - 17h - Vendredi : 9h30 - 12h30","Lundi : 14h -17h - Mardi, mercredi, jeudi : 9h30 - 12h30 et 14h - 17h - Vendredi : 9h30 - 12h30"
73,62,1,0,"03 85 69 05 26",,,"infoenergie@caue71.fr","http://www.caue71.fr/eie71.html","Lundi : 14h - 17h / Mardi, mercredi, jeudi : 9h30 - 12h30 et 14h - 17h / Vendredi : 9h30 - 12h30","Lundi : 14h - 17h / Mardi, mercredi, jeudi : 9h30 - 12h30 et 14h - 17h / Vendredi : 9h30 - 12h30"
74,63,2,0,"03 86 71 70 80",,,"ddt-anah@nievre.gouv.fr",,"Lundi, mardi, jeudi de 9h à 11h30 et 14h à 16h/ Vendredi de 9h à 11h30","lundi, mardi et jeudi de 9h à 11h30 et 14h-16h le vendredi de 9h à 11h30"
75,64,2,0,"03 85 21 86 00",,,"anah@saone-et-loire.gouv.fr",,"Du lundi au jeudi de 8h30 à 12h et de 13h30 à 17h. Les vendredis et veilles de jours fériés de 8h30 à 12h et de 13h30 à 16h.","Du lundi au jeudi de 9h à 12h et de 14h à 17h. Les vendredis et veilles de jours fériés de 9h à 12h et de 14h à 16h."
76,65,1,0,"03 86 78 79 12",,,"infoenergie@parcdumorvan.org","http://www.parcdumorvan.org","Lundi : 13h-17h - Mardi : 9h-13h - Mercredi : 13h-17h","Lundi : 13h-17h - Mardi : 9h-13h - Mercredi : 13h-17h"
77,66,2,0,"03 80 60 83 15",,,"info@pactcotedor.fr","www.pactcotedor.fr","Les  lundi, mardi, jeudi et vendredi de 8h30 à 12h et de 13h30 à 17h30","Les  lundi, mardi, jeudi et vendredi de 8h30 à 12h et de 13h30 à 17h30"
78,67,3,1,"02 99 78 87 24",,,"adil35.renov-energ@orange-business.fr","www.adil35.org","Du lundi au vendredi de 9h à 13h et de 15h à 16h45 (bureau fermé le jeudi après-midi)","Du lundi au vendredi de 9h à 13h / 15h à 16h45  (fermée le jeudi après-midi)"
79,67,2,1,"02 99 78 87 24",,,"adil35.renov-energ@orange-business.fr","www.adil35.org","Du lundi au vendredi de 9h à 13h et de 15h à 16h45 (bureau fermé le jeudi après-midi)","Du lundi au vendredi de 9h à 13h / 15h à 16h45  (fermée le jeudi après-midi)"
80,68,3,1,"02 96 61 50 46",,,"adil.22@orange.fr","www.adil22.org","Lundi  9h00 - 12h30  - 13h45-18h00 / Mardi  9h00 - 12h30 13h45 - 18h00 / Mercredi  9h00 - 12h30 13h45 - 18h00 / Jeudi  9h00 - 12h30  / Vendredi  9h00 - 12h30 14h15 - 17h45 / - sur rendez-vous du lundi au vendredi.  / - sans rendez-vous uniquement les après-midis, exc","Du lundi au vendredi, de 9h00 à 12h30 "
81,69,3,1,"02 98 46 34 65 ",,,"adil29@adil.org","www.adil29.org","Du lundi au vendredi de 9h à 12h et 13h30 à 17h30 – fermé le jeudi matin","Du lundi au vendredi de 9h à 12h / 13h30 à 17h30 (sauf le jeudi matin)"
82,69,2,1,"02 98 46 34 65",,,"adil29@adil.org","www.adil29.org","Du lundi au vendredi de 9h à 12h et 13h30 à 17h30 – fermé le jeudi matin","Du lundi au vendredi de 9h à 12h / 13h30 à 17h30 (sauf le jeudi matin)"
83,70,3,1,"02 97 47 02 30",,,"adil.56@wanadoo.fr","www.adil56.org","Ouvert au public du lundi au vendredi, de 9h à 12h30 et de 13h30 à 18h.","Du lundi au vendredi de 9h à 12h30 et de 13h30 à 18h"
84,70,2,1,"02 97 47 02 30",,,"adil.56@wanadoo.fr","www.adil56.org","Ouvert au public du lundi au vendredi, de 9h à 12h30 et de 13h30 à 18h.","Du lundi au vendredi de 9h à 12h30 et de 13h30 à 18h"
85,71,1,0,"02 96 52 15 70",,,"info-energie@ale-saint-brieuc.org","http://www.bretagne-energie.fr","Lundi au vendredi, de 13H30 à 17h30","Lundi au vendredi, de 13H30 à 17h30"
86,72,1,0,"02 99 23 65 02",,,"infoenergie@alec-rennes.org","http://www.bretagne-energie.fr","Lundi au vendredi, de 13H30 à 17h30Mardi, vendredi 9h à 12hLes mardi et vendredi après-midi, accueil si visites spontanées","Lundi au vendredi, de 13H30 à 17h30"
87,73,1,0,"02 98 99 10 90",,,"alecob@wanadoo.fr","http://www.bretagne-energie.fr","Lundi au vendredi, de 13H30 à 17h30","Lundi au vendredi, de 13H30 à 17h30"
88,74,1,0,"09 72 37 73 79",,,"infoenergie@aloen.fr","http://www.bretagne-energie.fr","Lundi au vendredi, de 13H30 à 17h30","Lundi au vendredi, de 13H30 à 17h30"
89,75,2,0,"02 96 75 66 45",,,"anah22@cotes-darmor.gouv.fr",,"Du lundi au vendredi de 9h à 11h30 et de 14h à 16h.","Du lundi au vendredi de 9h à 11h30 et de 14h à 16h."
90,76,1,0,"02 98 33 80 97",,,"info.energie@energence.net","http://www.bretagne-energie.fr","Lundi au vendredi, de 13H30 à 17h30","Lundi au vendredi, de 13H30 à 17h30"
91,77,1,0,"02 98 15 55 47",,,"contact@heol-energies.org","http://www.bretagne-energie.fr","Lundi au vendredi, de 13H30 à 17h30","Lundi au vendredi, de 13H30 à 17h30"
92,78,1,0,"09 67 20 06 54",,,"infoenergie@auray-communaute.fr","http://www.bretagne-energie.fr","Semaines impaires, du lundi au vendredi, de 13H30 à 17h30","Du lundi au vendredi, de 13H30 à 17h30"
94,80,1,0,"02 96 87 42 44",,,"infoenergie@pays-de-dinan.org","http://www.bretagne-energie.fr","Lundi au vendredi, de 13H30 à 17h30","Lundi au vendredi, de 13H30 à 17h30"
95,81,1,0,"02 99 17 05 31",,,"infoenergie@pays-fougeres.org","http://www.bretagne-energie.fr","Semaines paires du lundi au vendredi, de 13H30 à 17h30","Du lundi au vendredi, de 13H30 à 17h30"
96,82,1,0,"02 97 74 30 95",,,"eie@paysdeploermel-coeurdebretagne.fr","http://www.bretagne-energie.fr","Semaines impaires, du lundi au vendredi, de 13H30 à 17h30","Du lundi au vendredi, de 13H30 à 17h30"
97,83,1,0,"02 97 27 95 39",,,"infoenergie@pays-pontivy.fr","http://www.bretagne-energie.fr","Semaines paires, du lundi au vendredi, de 13H30 à 17h30","Du lundi au vendredi, de 13H30 à 17h30"
98,84,1,0,"02 99 71 62 36",,,"eie@pays-redon.fr","http://www.bretagne-energie.fr","Semaines paires, du lundi au vendredi, de 13H30 à 17h30","Du lundi au vendredi, de 13H30 à 17h30"
99,85,1,0,"09 65 04 87 37",,,"infoenergie@pays-stmalo.fr","http://www.bretagne-energie.fr","Lundi au vendredi, de 13H30 à 17h30","Lundi au vendredi, de 13H30 à 17h30"
100,86,1,0,"02 97 26 25 25",,,"infoenergie@pays-vannes.fr","http://www.bretagne-energie.fr","Lundi au vendredi, de 13H30 à 17h30","Lundi au vendredi, de 13H30 à 17h30"
101,87,1,0,"02 99 74 32 17",,,"infoenergie@paysdevitre.org","http://www.bretagne-energie.fr","Semaines impaires, du lundi au vendredi, de 13H30 à 17h30","Du lundi au vendredi, de 13H30 à 17h30"
102,88,1,0,"02 97 27 95 39",,,"infoenergie@pays-pontivy.fr","http://www.bretagne-energie.fr","Semaines impaires, du lundi au vendredi, de 13H30 à 17h30","Du lundi au vendredi, de 13H30 à 17h30"
103,89,1,0,"02 96 14 04 63",,,"infoenergie@paystregorgoelo.com","http://www.bretagne-energie.fr","Lundi 13h30 à 17h30, mercredi, jeudi, vendredi 9h à 12h","Du lundi au vendredi, de 13H30 à 17h30."
104,90,1,0,"02 98 64 46 61",,,"infoenergie@quimper-cornouaille-developpement.fr","http://www.bretagne-energie.fr","Lundi au vendredi, de 13H30 à 17h30","Lundi au vendredi, de 13H30 à 17h30"
105,91,3,1,"02 54 27 37 37",,,"renovation@adil36.org","www.adil36.org","du lundi au vendredi 8h45-12h30, 14h-18h","du lundi au vendredi 8h45-12h30, 14h-18h"
106,91,1,0,"02 54 27 37 37",,,"renovation@adil36.org","http://www.infoenergie-centre.org/","du lundi au vendredi 8h45-12h30, 14h-18h","du lundi au vendredi 8h45-12h30, 14h-18h"
107,91,2,1,"02 54 27 37 37",,,"renovation@adil36.org","www.adil36.org","Du lundi au vendredi de 9h à 12h30 / 14h à 18h","Du lundi au vendredi de 9h à 12h30 / 14h à 18h"
108,92,3,1,"02 54 42 10 00",,,"adileie41@wanadoo.fr","www.adil41.org","le lundi mercredi et jeudi de 9h à 12h30 et de 13h45 à 17h30 - le mardi de 13h45 à 17h30 - et le vendredi de 9h à 12h30 et de 13h45 à 17h","le lundi mardi mercredi et jeudi de 9h à 12h30 et de 13h45 à 17h30 et le vendredi de 9h à 12h30 et de 13h45 à 17h"
109,92,1,0,"02 54 42 10 00",,,"loiretcher@infoenergie-centre.org","http://www.infoenergie-centre.org/","le lundi mercredi et jeudi de 9h à 12h30 et de 13h45 à 17h30 - le mardi de 13h45 à 17h30 - et le vendredi de 9h à 12h30 et de 13h45 à 17h","le lundi mardi mercredi et jeudi de 9h à 12h30 et de 13h45 à 17h30 et le vendredi de 9h à 12h30 et de 13h45 à 17h"
110,92,2,1,"02 54 42 10 00",,,"adileie41@wanadoo.fr","www.adil41.org","le lundi mercredi et jeudi de 9h à 12h30 et de 13h45 à 17h30 - le mardi de 13h45 à 17h30 - et le vendredi de 9h à 12h30 et de 13h45 à 17h","le lundi mardi mercredi et jeudi de 9h à 12h30 et de 13h45 à 17h30 et le vendredi de 9h à 12h30 et de 13h45 à 17h"
111,93,3,1,"02 38 62 47 07",,,"adil.eie@adil45.org","www.adil45.org","Lundi au vendredi de  9h à 12h30 et de 14h à 17h30","Lundi au vendredi de  9h à 12h30 et de 14h à 17h30"
112,93,1,0,"02 38 62 47 07",,,"loiret@infoenergie-centre.org","http://www.infoenergie-centre.org/","Lundi au vendredi de  9h à 12h30 et de 14h à 17h30","Lundi au vendredi de  9h à 12h30 et de 14h à 17h30"
113,93,2,1,"02 38 62 47 07",,,"adil.eie@adil45.org","www.adil45.org","Lundi au vendredi de  9h à 12h30 et de 14h à 17h30","Lundi au vendredi de  9h à 12h30 et de 14h à 17h30"
114,94,1,0,"02 47 60 90 70",,,"indreetloire@infoenergie-centre.org","http://www.infoenergie-centre.org/","Lundi, Mardi et Mercredi : 9h-12h30 et 13h30-18h Jeudi : 13h30-18h Vendredi : 9h-12h30 et 13h30-17h","Lundi, Mardi et Mercredi : 9h-12h30 et 13h30-18h Jeudi : 13h30-18h Vendredi : 9h-12h30 et 13h30-17h"
115,95,2,0,"02 37 21 43 69",,,"ddt-sauh-hab-prv@eure-et-loir.gouv.fr",,"Du lundi au jeudi de 9h à 12h et de 14 à 17h. Le vendredi de 9h à 12h et de 14h à 16h.","Du lundi au jeudi de 9h à 12h et de 14 à 17h. Le vendredi de 9h à 12h et de 14h à 16h."
116,96,2,0,"02 47 70 80 64",,,"ddt-anah@indre-et-loire.gouv.fr",,"Avec rendez-vous du lundi au jeudi de 9h à 12h et le vendredi de 9h à 12h et de 13h30 à 17h, et sans rendez vous du lundi au jeudi de 13h30 à 17h","Du lundi au vendredi de 9h à 18h"
117,97,1,0,"02 37 21 32 71",,,"eureetloir@infoenergie-centre.org","http://www.infoenergie-centre.org/","lundi à vendredi 9h-12h, 14h-17h30","lundi à vendredi 9h-12h, 14h-17h30"
118,98,1,0,"02 48 67 96 30",,,"cher@infoenergie-centre.org","http://www.infoenergie-centre.org/","Du lundi au vendredi de 8h30 à 12h30 et de 13h30 à 17h00","Du lundi au vendredi de 8h30 à 12h30 et de 13h30 à 17h00"
119,98,2,0,"02 48 67 96 30",,,"cher@infoenergie-centre.org","http://www.infoenergie-centre.org/","Du lundi au vendredi de 8h30 à 12h30 et de 13h30 à 17h00","Du lundi au vendredi de 8h30 à 12h30 et de 13h30 à 17h00"
120,99,3,1,"03 25 73 42 05",,,"adil10@wanadoo.fr","www.adil10.org","Du lundi au jeudi de 9h00 à 12h00 et de 14h00 à 17h00, le vendredi de 9h00 à 12h00 et de 14h00 à 16h00","Du lundi au jeudi de 9h00 à 12h00 et de 14h00 à 17h00, le vendredi de 9h00 à 12h00 et de 14h00 à 16h00"
121,100,3,1,"03 24 58 28 92",,,"adil@adil08.fr",,"Lundi de 13h30 à 17h30 / Mardi au vendredi de 9h à 12h / 13h30 à 17h30","Lundi de 13h30 à 17h30 / Mardi au vendredi de 9h à 12h / 13h30 à 17h30"
122,101,1,0,"03 24 30 90 54",,,"info.energie@ale08.org","http://www.ale08.org/","lundi à vendredi 9h-12h, 14h-18h00","lundi à vendredi 9h-12h, 14h-18h00"
123,102,1,0,"03 25 94 97 77",,,"infoenergie.arcad@orange.fr","http://www.arcad-ca.fr/","du lundi au vendredi : 9h30-12h et de 13h à 17h30","Lundi au vendredi 8h30-12h00 et de 13h45 à 17h30"
124,103,1,0,"03 26 64 13 93",,,"jmathieu@comal-pact51.fr","http://pact51.adalogis.fr/","du lundi au vendredi de 8H30 à 12H et 13H45 à 17H30 - vendredi fermeture à 17H15","du lundi au vendredi de 8H30 à 12H et 13H45 à 17H30 - vendredi fermeture à 17H15"
125,104,2,0,"03 25 46 21 44",,,"ddt-shcb-bhap@aube.gouv.fr",,"Du lundi au jeudi de 9h00 à 12h00 et de 14h00 à 17h00, le vendredi de 9h00 à 12h00 et de 14h00 à 16h00","Du lundi au jeudi de 9h00 à 12h00 et de 14h00 à 17h00, le vendredi de 9h00 à 12h00 et de 14h00 à 16h00"
126,105,2,0,"03 25 30 79 90",,,"ddt-anah@haute-marne.gouv.fr",,"Du lundi au jeudi de 14h à 16h","Du lundi au jeudi de 14h à 16h"
127,106,2,0,"03 26 70 82 69",,,"ddt-shvd-hp@marne.gouv.fr",,"Du lundi au vendredi de 9h00 à 12h et de 13h30 à 16h30","Du lundi au vendredi de 9h00 à 12h et de 13h30 à 16h30"
128,107,2,0,"03 51 16 51 49",,,"ddt-guichet-renovation-energetique@ardennes.gouv.fr",,"Les mardi et jeudi de 14h à 16h","Du lundi au vendredi de 9h à 11h et de 14h à 16h. Un répondeur est mis en place en dehors de ces plages horaires."
129,108,1,0,"03 25 42 32 80",,,"pact-10.habitat@wanadoo.fr","http://www.pact-habitat.org/","Lundi au vendredi de 9h à 17h","Du lundi au vendredi de 9h00 à 12h00 et de 14h00 à 17h00"
130,109,1,0,"03 26 64 13 93",,,"comal.pact51@wanadoo.fr",,"Lundi au vendredi de 9h à 17h","Du lundi au vendredi : 9h30-12h30 et de 13h30 à 17h30"
131,110,1,0,"03 24 58 42 77",,,"eie-pact08@wanadoo.fr","http://www.pact-habitat.org","Du Lundi au Vendredi : 10h - 12h *uniquement  sur rendez-vous* et de 14h à 18h","Du lundi au vendredi de 10h00 à 12h00 et de 14h00 à 18h00"
132,111,1,0,"03 26 35 37 13",,,"eddie@reimsmetropole.fr","http://www.reimsmetropole.fr/","Mardi, mercredi, vendredi, samedi de 13H à 18H - Fermé le lundi et jeudi","Mardi, mercredi, vendredi, samedi de 13H à 18H - Fermé le lundi et jeudi"
133,112,3,1,"04 95 20 85 25",,,"adil.2a@orange.fr","www.adil2a.org","Du lundi au vendredi 9h à 12h / 14h à 17h","Du lundi au vendredi de 9h à 12h / 14h à 17h"
134,112,2,1,"04 95 20 85 25",,,"adil.2a@orange.fr","www.adil2a.org","Du lundi au vendredi 9h à 12h / 14h à 17h","Du lundi au vendredi de 9h à 12h / 14h à 17h"
135,113,3,1,"04 95 58 15 32",,,"adil2b@orange.fr","www.adil2b.org","9h à 12h / 14h à 17h","Du lundi au vendredi de 9h à 12 h et de 14h à 17h"
136,114,1,0,"04 95 31 80 90",,,"caue-2b@wanadoo.fr",,"Du lundi au Vendredi 9h-12h et 14h00-17h00","Du lundi au Vendredi 9h-12h et 14h-17h00"
137,115,1,0,"04 95 38 36 41",,,"c2en@wanadoo.fr",,"Du lundi au Vendredi 9h-12h et 14h00-17h00","Du lundi au Vendredi 9h-12h et 14h00-17h00"
138,116,1,0,"04 95 21 37 52",,,"infoenergie.ajaccio@gmail.com","http://www.cpie.fr","9h00 - 12h / 14h00 - 17h du lundi au vendredi","9h00 - 12h / 14h00 - 17h du lundi au vendredi"
139,117,1,0,"04 95 46 18 59",,,"cpaoli@cpie-centrecorse.fr","http://cpie-centrecorse.fr/","9h00 - 12h / 14h00 - 17h du lundi au vendredi","9h00 - 12h / 14h00 - 17h du lundi au vendredi"
140,118,2,0,"04 95 32 97 91",,,"ddtm-anah@haute-corse.gouv.fr",,"Du lundi au vendredi de 8 h 30 à 11 h 30.","Du lundi au vendredi de 8h30 à 11h30 et de 14h à 16h."
141,119,1,0,"04 95 47 12 61",,,"primusole2b@orange.fr",,"du lundi au vendredi de 9h00 à 12h et de 14h a 17h","du lundi au vendredi de 9h00 à 12h et de 14h a 17h"
142,120,1,0,"04 95 72 13 25",,,"primusole.povo@orange.fr",,"du lundi au vendredi de 9h00 à 12h et de 14h a 17h","du lundi au vendredi de 9h00 à 12h et de 14h a 17h"
143,121,1,0,"03 84 92 15 29",,,"adera.infoenergie@wanadoo.fr","http://www.info-energie-fc.org/",,"Du lundi au vendredi de 9h à 12h et de 13h45 à 17h30"
144,122,3,1,"03 84 75 60 19",,,"adil.70@wanadoo.fr","www.adil70.org","Du lundi au jeudi : 9h-12h 14h-17h30 / Vendredi : 9h-12h 14h-17h","Lundi au jeudi de 9h à 12h / 14h à 17h30 / Vendredi de 9h à 12h / 14h à 17h"
145,122,2,1,"03 84 75 60 19",,,"adil.70@wanadoo.fr","www.adil70.org","Du lundi au jeudi : 9h-12h 14h-17h30 / Vendredi : 9h-12h 14h-17h","Lundi au jeudi de 9h à 12h / 14h à 17h30 / Vendredi de 9h à 12h / 14h à 17h"
146,123,3,1,"03 81 61 92 41",,,"adil25@orange.fr","www.adil25.org","Le lundi de 9h à 12h et 14h-18h / Du mardi au vendredi de 8h30-12h30 et 14h-18h","Du lundi au jeudi de 9h à 12h / 14h à 17h  Vendredi de 12h à 17h "
147,123,2,1,"03 81 61 92 41",,,"adil25@orange.fr","www.adil25.org","Le lundi de 9h à 12h et 14h-18h / Du mardi au vendredi de 8h30-12h30 et 14h-18h","Du lundi au jeudi de 9h à 12h / 14h à 17h, vendredi de 12h à 17h "
148,124,3,1,"03 84 86 19 30",,,"adil.39@wanadoo.fr","www.adil39.org","Du lundi au jeudi de 9h à 12h et de 14h à 17h 30. Le vendredi de 14h à 17h30","Du lundi au jeudi de 9h à 12h et de 14h à 17h 30. Le vendredi de 14h à 17h30 / Vendredi de 14h à 17h30"
149,124,2,1,"03 84 86 19 30",,,"adil.39@wanadoo.fr","www.adil39.org","Du lundi au jeudi de 9h à 12h et de 14h à 17h 30. Le vendredi de 14h à 17h30 / ","Du lundi au jeudi de 9h à 12h et de 14h à 17h 30. Le vendredi de 14h à 17h30 / Vendredi de 14h à 17h30"
150,125,1,0,"03 84 47 81 14",,,"infoenergie.jura@ajena.org","http://www.info-energie-fc.org",,"Le lundi de 14h a 17h30 et du mardi au vendredi de 9h à 12h et de 14h à 17h"
152,127,2,0,"03 84 58 86 92",,,"gu-anah@territoire-de-belfort.gouv.fr",,"Lundi et jeudi de 14 h à 16 h - mercredi et jeudi de 8 h 30 à 11 h30 ou sur rendez-vous","Du lundi au vendredi de 8 h30 à 11h 30  et 14 h à 16 h 30"
153,128,1,0,"03 84 21 10 69",,,"contact@gaia-energies.org","http://www.info-energie-fc.org",,"Lundi, de 13h30 à 17h30 du mardi au vendredi : de 9h à 12h et de 13h30 à 17h30"
154,129,3,1,"02 32 24 06 66",,,"adil27@cegetel.net","www.adil27.org","Du lundi au vendredi de 8h30 à 12h et de 13h à 17h30 sur rendez-vous","Du lundi au vendredi de 8h30 à 12h / 13h à 17h30"
155,130,3,1,"02 32 18 29 02",,,"adil.76@wanadoo.fr","www.adil76.org","Du lundi au vendredi de 9h à 19hSamedi de 9h à 12h","Du lundi au vendredi de 9h à 19hSamedi de 9h à 12h"
156,131,1,0,"02 32 59 25 70",,,"eie@alec27.fr","http://www.alec27.fr","du lundi au vendredi de 9h30 à 12h30 et de 14h à 18h","du lundi au vendredi de 9h30 à 12h30 et de 14h à 18h"
157,132,1,0,"02 35 72 05 10",,,"eie@caue76.org","http://www.caue76.org","Tous les jours de 9h à 12h et de 14h à 17h30","Tous les jours de 9h à 12h et de 14h à 17h30"
158,133,1,0,"02 35 22 25 20",,,"eie@agglo-havraise.fr","http://www.agglo-lehavre.fr","Du lundi au vendredi de 9h-17h","Du lundi au vendredi de 9h-17h"
159,134,2,0,"02 32 18 10 33",,,"ddtm-sh-bha@seine-maritime.gouv.fr",,"Du lundi au vendredi, de 9h à 11h30 et de 14h à 16h.","Du lundi au vendredi, de 9h à 11h30 et de 14h à 16h."
160,135,2,1,"02 32 29 62 25",,,"ddtm-anah@eure.gouv.fr",,"Du lundi au vendredi de 8h30 à 12h et de 13h à 17h30 sur rendez-vous","Du lundi au vendredi de 9h à 12h / 13h30 à 17h30"
161,136,1,0,"02 32 84 40 40",,,"info-energie@cauxseine.fr","http://www.cauxseine.fr","Sans rendez-vous du lundi au vendredi de 9h à 12h Avec rendez-vous du mardi au vendredi de 14h à 17h30","Du lundi au Vendredi 9h-12h30 et 13h30-17h00"
162,137,1,0,"08 00 02 10 21",,,"eie@la-crea.fr","http://www.la-crea.fr","sur rendez-vous du lundi au vendredi","Du lundi au Vendredi 9h-12h30 et 13h30-17h00"
163,138,1,0,"02 35 27 39 03",,,"infoenergie.hautesfalaises@orange.fr","http://eie.hautesfalaises.com/","Du lundi au vendredi : 9h30-12h00 / 14h30-18h00","Du lundi au vendredi : 9h30-12h00 / 14h30-18h00"
164,139,1,0,"02 32 14 40 69",,,"eie@agglodieppe-maritime.com","http://www.agglodieppe-maritime.com","Du lundi au vendredi de 14h à 17h30","Du lundi au vendredi de 14h à 17h30"
165,140,1,0,"02 32 39 89 99",,,"eie@hd27.com","http://www.hd27.com","Lundi au Vendredi de 9h-12h et 14h-17h30","Lundi au Vendredi de 9h-12h et 14h-17h30"
166,141,3,1,"01 60 77 21 22",,,"adil.91@wanadoo.fr","www.adil91.org","Lundi, mardi, jeudi de 9h à 18h / Vendredi de 9h à 17h","lundi, mardi, jeudi de 9h à 18h - mercredi de 9h à  11h30 et de 14h à 16h - vendredi de 9h à 17h"
167,141,2,1,"01 60 77 21 22",,,"adil.91@wanadoo.fr","www.adil91.org","Lundi, mardi, jeudi de 9h à 18h / Vendredi de 9h à 17h","lundi, mardi, jeudi de 9h à 18h - mercredi de 9h à  11h30 et de 14h à 16h - vendredi de 9h à 17h"
168,142,3,1,"01 42 79 50 46",,,"contact@adil75.org","www.adil75.org","9h30-12h45 / 14h-18h","Tous les jours de 9h30 à 12h45 / 14h à 18h"
169,143,3,1,"08 20 16 77 77",,,"info@adil77.org","www.adil77.org","Le lundi de 14h à 17h30. Du mardi au vendredi de 9h à 17h30","Le lundi de 14h à 17h30. Du mardi au vendredi de 9h à 17h30"
170,144,3,1,"08 20 16 93 93",,,"adil93@wanadoo.fr","www.adil93.org","Lundi au jeudi de 8h30 à 17h30 sans interruption / Vendredi de 8h30 à 16h30","Lundi au jeudi de 8h30 à 17h30 sans interruption / Vendredi de 8h30 à 16h30"
171,145,3,1,"01 41 45 06 10",,,"adil92@adil92.org","www.adil92.org","Lundi au mercredi de 8h30 à 17h30 / Jeudi de 8h30 à 12h30 / Vendredi 8h30 à 16h30","Du lundi au vendredi de 8h30 à 17h30 sans interruption (sauf jeudi après-midi et vendredi 17h)"
172,145,2,1,"01 41 45 06 10",,,"adil92@adil92.org","www.adil92.org","Lundi au mercredi de 8h30 à 17h30 / Jeudi de 8h30 à 12h30 / Vendredi 8h30 à 16h30","Du lundi au vendredi de 8h30 à 17h30 sans interruption (sauf jeudi après-midi et vendredi 17h)"
173,146,3,1,"01 39 50 84 72",,,"contact@adil78.org","www.adil78.org","Ouvert du lundi au vendredi (sauf le jeudi après-midi) sans rendez-vous de 9h à 12h30 / 14h à 17h30","Du lundi au vendredi de 9h à 12h30 / 14h à 17h30 (sauf le jeudi après-midi)"
174,147,3,1,"08 20 16 95 95",,,"information@adil95.org","www.adil95.org","Du lundi au vendredi : 9h-13h / 14h-17h","Lundi au vendredi de 9h à 13h / 14h à 17h "
175,147,2,1,"08 20 16 95 95",,,"information@adil95.org","www.adil95.org","Du lundi au vendredi : 9h-13h / 14h-17h","Lundi au vendredi de 9h à 13h / 14h à 17h "
176,148,3,1,"08 20 16 94 94",,,"info@adil94.org","www.adil94.org","Sur rendez-vous:  du lundi au mercredi de 9h à 13h et de 14h à 18h - le jeudi de 9h à 13h - le vendredi de 9h à 13h et de 14h à 17h","Du lundi au jeudi de 9 h à 13 h / 14h à 18h / Vendredi de 9 h à 13h / 14h à 17h"
177,149,1,0,"01 71 33 13 60",,,"contact-energie@caue94.fr","http://www.caue94.fr/index.php?id_rub=7","du lundi au vendredi de 9 h 00 à 12 h 00 et de 13 h 30 à 17 h 30","du lundi au vendredi de 9 h 00 à 12 h 00 et de 13 h 30 à 17 h 30"
178,150,1,0,"01 30 47 98 90",,,"alme@energie-sqy.com","http://www.energie-sqy.com","du lundi au vendredi de 9 h 00 à 12 h 00 et de 13 h 30 à 17 h 30","du lundi au vendredi de 9 h 00 à 12 h 00 et de 13 h 30 à 17 h 30"
179,151,1,0,"01 58 51 90 20",,,"info-conseil@apc-paris.com","http://www.apc-paris.com","Du lundi au vendredi de 10 à 12h et de 14h30 à 16h30 (exclusivement sur rendez-vous)","Du lundi au vendredi de 09h à 18h"
180,152,1,0,"01 48 09 40 90",,,"contact@alec-plaineco.org",,"de 10h à 13h et de 15h à 19h","Du lundi au vendredi de 10h à 13h et de 15h à 19h"
181,153,1,0,"01 60 19 10 95",,,"cie@ateps.fr","http://www.ateps.fr","Du lundi au vendredi de 10h à 18h","Du lundi au vendredi de 10h à 18h"
182,154,2,0,"01 60 56 70 80",,,"ddt-habitermieux@seine-et-marne.gouv.fr","www.seine-et-marne.gouv.fr","Du lundi au vendredi de 9h30 à 11h30 et de 14h à 16h. Seulement le matin pendant les vacances scolaires","Du lundi au vendredi de 9h30 à 11h30 et de 14h à 16h. Seulement le matin pendant les vacances scolaires"
183,155,2,0,"01 30 84 30 80",,,"ddt-habitermieux@yvelines.gouv.fr","www.yvelines.fr/habitermieux","Lundi, mardi, mercredi de 9h à 12h et de 14h à 17h. Le vendredi de 9h à 12h et de 14h à 16h.","Lundi, mardi, mercredi de 9h à 12h et de 14h à 17h. Le vendredi de 9h à 12h et de 14h à 16h."
184,156,2,0,"01 49 80 22 00",,,"habiter-mieux-94@developpement-durable.gouv.fr",,"Tous les jours de 9h30 à 11h30 et de 14h à 16h.","Tous les jours de 9h30 à 11h30 et de 14h à 16h."
185,157,2,0,"01 41 60 68 70",,,"anah.uthl93.drihl-if@developpement-durable.gouv.fr",,"Du lundi au vendredi , de 9h30 à 11h30 sans rendez-vous. Les après midi de 14h à 16h30 sur rendez-vous.","Les lundi, mardi, mercredi, vendredi de 9h30 à 11h30 et de 14h à 16h30. Le jeudi de 9h30 à 11h30"
186,158,2,0,"01 82 52 51 00",,,"habiter-mieux-75@developpement-durable.gouv.fr",,"Lundi au vendredi de 10h à 12h30 et sur rendez-vous","Lundi au vendredi de 10h à 12h et de 14h à 16h30"
187,159,1,0,"08 00 00 60 75",,,"energiehabitat@agglo-hautsdebievre.fr","http://www.agglo-hautsdebievre.fr","Du lundi au Vendredi 9h-12h30 et 13h30-17h00","Du lundi au Vendredi 9h-12h30 et 13h30-17h00"
188,160,1,0,"01 48 13 18 14",,,"eie.terresdefrance@idemu.org","http://www.idemu.org","Mercredi, jeudi et vendredi de 14h à 20h","Mercredi, jeudi et vendredi de 14h à 20h"
189,161,1,0,"01 39 70 23 06",,,"contact-pris@energies-solidaires.org","http://www.energies-solidaires.org","Sur rendez-vous du lundi au vendredi de 9h30 à 12h30 et de 13h30 à 17h30","Du lundi au Vendredi 9h-12h30 et 13h30-17h00"
190,162,1,0,"01 69 58 74 78",,,"eiesudessonne@gmail.com","http://www.eie-sud-essonne.fr/","Lundi et Vendredi de 14h à 17h30 sur RDV - Mercredi de 9h à 12h30 et de 14h à 17h30 sur RDV","Du lundi au Vendredi 9h-12h30 et 13h30-17h00"
191,163,1,0,"01 60 87 18 70",,,"mdh@cg91.fr","http://www.mdh.essonne.fr","Du lundi au Vendredi 9h-12h30 et 13h30-17h00","Du lundi au Vendredi 9h-12h30 et 13h30-17h00"
192,164,1,0,"08 00 10 10 21",,,"infoenergie@gpso-energie.fr","http://www.gpso-energie.fr/pole-particuliers","Du lundi au Vendredi 9h-12h30 et 13h30-17h00","Du lundi au Vendredi 8h30-19h et samedi 8h30-12h30 "
193,165,1,0,"01 64 72 11 73",,,"eie.marneetchantereine@idemu.org",,"Du lundi au Vendredi 9h-12h30 et 13h30-17h00","Du lundi au Vendredi 9h-12h30 et 13h30-17h00"
194,166,1,0,"01 47 85 11 13",,,"eie.92@idemu.org","http://www.idemu.org","Du lundi au Vendredi 9h-12h30 et 13h30-17h00","Du lundi au Vendredi 9h-12h30 et 13h30-17h00"
195,167,1,0,"01 48 13 18 16",,,"eie.nord93@idemu.org","http://www.idemu.org","Du lundi au Vendredi 9h-12h30 et 13h30-17h00","Du lundi au Vendredi 9h-12h30 et 13h30-17h00"
196,168,1,0,"01 39 94 53 88",,,"eie_inventerre_95@yahoo.fr","http://www.inventerre.org","du mardi au samedi de 09h00 à 17h00","du mardi au samedi de 09h00 à 17h00"
197,169,1,0,"01 46 63 09 94",,,"eie.labouilloire@yahoo.fr","http://labouilloire.asso-web.com/23+espace-info-energie.html","Accueil sur rendez-vous : Du mardi au vendredi de 9h à 12h et de 13h à 17h","Du lundi au Vendredi 9h-12h30 et 13h30-17h00"
198,170,1,0,"01 69 51 03 67",,,"info.energie@ville-morsang.fr",,"Ouverture du lundi au jeudi : 9h - 12h, 14h - 18h","Ouverture du lundi au jeudi : 9h - 12h, 14h - 18h"
199,171,1,0,"01 42 87 99 44",,,"contact@agence-mve.org","http://www.agence-mve.org","Du lundi au vendredi de 9h30 à 12h30 et de 14h à 17h30. Jusqu'à 20h le jeudi. De 10h à 13h le premier samedi du mois","Du lundi au vendredi de 9h30 à 12h30 et de 14h à 17h30. Jusqu'à 20h le jeudi. De 10h à 13h le premier samedi du mois"
200,172,1,0,"01 64 09 12 72",,,"cecile.venuat@pact77.org",,"Du Lundi au Vendredi de 9h à 17h","Du Lundi au Vendredi de 9h à 17h"
201,173,1,0,"01 43 97 89 93",,,"eie@pact94.org","http://www.pact94.com","Du lundi au Vendredi 9h-12h30 et 13h30-17h00","Du lundi au Vendredi 9h30-12h et 13h30-17h00"
202,174,1,0,"06 12 79 07 89",,,"info-energie@valdoise.fr",,"Du Lundi au Vendredi de 9h à 17h","Du Lundi au Vendredi de 9h à 17h"
203,175,1,0,"01 64 98 73 93",,,"info@parc-gatinais-francais.fr",,"Du lundi au Vendredi 9h-12h30 et 13h30-17h00","Du lundi au Vendredi 9h-12h30 et 13h30-17h00"
204,176,1,0,"01 64 31 19 67",,,"info-energie@me77.fr","http://www.seine-et-marne-environnement.fr/","Du lundi au Vendredi 9h-12h30 et 13h30-17h00","Du lundi au Vendredi 9h-12h30 et 13h30-17h00"
205,177,1,0,"01 69 56 50 33",,,"eie@solicites.org","http://www.solicites.org","Du lundi au Vendredi 9h-12h30 et 13h30-17h00","Du lundi au Vendredi 9h-12h30 et 13h30-17h00"
206,178,1,0,"01 43 24 62 68",,,"infoenergie@ville-nogentsurmarne.fr",,"9h-12h et 14h-17h du lundi au vendredi","9h-12h et 14h-17h du lundi au vendredi"
207,179,3,1,"04 67 55 55 55",,,"contact.adil34@orange.fr","www.adil34.org","Du lundi au vendredi de 9H à 12H30 et de 13H30 à 17H","Du lundi au vendredi de 9h à 12h30 / 13h15 à 17h"
208,179,2,1,"04 99 61 44 80",,,"picanah@adil34.org","www.adil34.org","Du lundi au jeudi de 14h30 à 17h et le vendredi de 14h30 à 16h","du lundi au jeudi de 14h30 à 17h et le vendredi de 14h30 à 16h"
209,180,3,1,"04 66 49 36 65",,,"adil48@orange.fr","www.adil48.org","Du lundi au vendredi de 8h45 à 12h30 / 13h15 à 17h30 (fermeture au public le vendredi après-midi)","Du lundi au jeudi de 8h45 à 12h30 / 13h15 à 17h30Vendredi de 8h45 à 12h30"
210,180,2,1,"04 66 49 36 65",,,"adil48@orange.fr","www.adil48.org","Du lundi au vendredi de 8h45 à 12h30 / 13h15 à 17h30 (fermeture au public le vendredi après-midi)","Du lundi au jeudi de 8h45 à 12h30 / 13h15 à 17h30Vendredi de 8h45 à 12h30"
211,181,3,1,"04 68 52 00 00",,,"contact@adil66.org","www.adil66.org","Tous les jours de 9h à 17h sans interruption","Tous les jours de 9h à 17h sans interruption"
212,182,3,1,"04 66 21 92 90",,,"preh@adil30.org","www.adil30.org","Du lundi au jeudi de 9 h à 13 h / 14 h à 17 hVendredi de 13 h à 17 h","Mardi, mercredi, jeudi de 14h à 17h"
213,182,2,1,"04 66 21 92 90",,,"preh@adil30.org","www.adil30.org","Du lundi au jeudi de 9 h à 13 h / 14 h à 17 hVendredi de 13 h à 17 h","Mardi, mercredi, jeudi de 14h à 17h"
214,183,1,0,"04 66 49 60 93",,,"contact@energie.lozere.fr",,"lundi au vendredi de 8h à 12 h","lundi au vendredi de 8h à 12 h"
215,184,1,0,"04 67 91 96 91",,,"eie@ale-montpellier.org","http://www.ale-montpellier.org","RDV du mardi au vendredi de 13h à 17h.","Du mardi au vendredi de 13h à 17h."
216,185,1,0,"04 68 11 56 20",,,"caue.aude@gmail.com",,"du lundi au vendredi de 9h à 12h30 et de 13h30 à 17h hors jeudi matin à la mairie de carcassonne","du lundi au vendredi de 9h à 12h30 et de 13h30 à 17h"
217,186,1,0,"04 66 70 98 58",,,"eie.caue30@wanadoo.fr",,"Sur RDV mardi et jeudi de 9h à 12h et de 14h à 17h - vendredi 9h-12h","mardi et jeudi de 9h à 12h et de 14h à 17h - vendredi 9h-12h"
218,187,1,0,"04 66 31 28 46",,,"eie48@aol.com",,"Du lundi au Vendredi 9h-12h30 et 13h30-17h00","Du lundi au Vendredi 9h-12h30 et 13h30-17h00"
219,188,2,0,"04 68 71 76 57",,,"ddtm-shbd-ulfru-delegation-locale-de-l-anah@aude.gouv.fr",,"Du lundi au vendredi de 8h30 à 12h00 et de 13h30 à 17h00","Du lundi au vendredi de 8h30 à 12h00 et de 13h30 à 17h00"
220,189,2,0,"04 68 38 13 69",,,"ddtm-suh-flru@pyrenees-orientales.gouv.fr",,"Lundi de 14h à 16h, vendredi de 9h à 11h ainsi que sur rendez-vous tous les jours de la semaine.","Du lundi au vendredi de 9h à 11h."
221,190,1,0,"04 67 36 80 77",,,"info.energie@ville-beziers.fr",,"le mardi sur rendez vous de 8h30-12h00 et de 13h30 à 17h00","mercredi et jeudi 8h30-12h00 et 13h30-17h00"
222,191,1,0,"04 68 85 82 18",,,"eie.66@cg66.fr",,"Du lundi au vendredi  9h-17h00 sur RV","Du lundi au jeudi 9h-12h00 et 14h00-17h00"
223,192,1,0,"04 67 13 80 94",,,"eie@gefosat.org",,"du lundi au vendredi de 9h30 à 17 h 30.","du lundi au jeudi de 9h30 à 14h."
224,193,1,0,"04 66 52 78 42",,,"eie.ales@mne-rene30.org","http://eie-ales-nordgard.fr","Du lundi au Jeudi de 9h à 13h et de 14h à 18h","Du lundi au Jeudi de 9h à 13h et de 14h à 18h"
225,194,1,0,"04 68 42 66 57",,,"info@parc-naturel-narbonnaise.fr",,"l'autre mercredi en permanence au grand Narbonne","un mercredi sur deux à sigean par tel 9h-12h30 14h-17h"
226,195,1,0,"04 68 41 48 40",,,"energie@payscorbieresminervois.fr","http://www.payscorbieresminervois.fr","Du lundi au Vendredi 9h-17h00 sur RV","Du lundi au Vendredi 9h-12h30 et 13h30-17h00"
227,196,1,0,"04 67 95 72 21",,,"eie@payshlv.com","http://www.payshlv.com","du Lundi au Jeudi de 09h à 12h et de 14h à 17h sur RV sur toutes les antennes du pays","du Lundi au Jeudi de 09h à 12h et de 14h à 17h"
228,197,3,1,"05 55 26 56 82",,,"adil.19@wanadoo.fr","www.adil19.org","Du lundi au jeudi de 9h à 12h et de 13h à 18 h / Le vendredi de 8h à 12h et de 13h à 16h","Du lundi au jeudi de 9h à 12h / 13h à 18h / Vendredi de 8h à 12h / 13h à 16h"
229,198,3,1,"05 55 10 89 89",,,"contact.adil87@orange.fr","www.adil87.org","Lundi au vendredi de 9h à 12h30 / 13h30 à 17h30","Lundi au vendredi de 9h à 12h30 / 13h30 à 17h30"
230,198,2,1,"05 55 10 89 89",,,"contact.adil87@orange.fr","www.adil87.org","Lundi au vendredi de 9h à 12h30 / 13h30 à 17h30","Lundi au vendredi de 9h à 12h30 / 13h30 à 17h30"
231,199,1,1,"05 55 14 88 42",,,"eie-lne@orange.fr","http://association.lne.free.fr/","du Lundi au Jeudi de 09h à 12h et de 14h à 17h","du Lundi au Jeudi de 09h à 12h et de 14h à 17h"
232,200,1,1,"05 55 20 88 96",,,"infoenergie_cpie19@yahoo.fr","http://www.cpiecorreze.com/","Permanences sur rendez-vous au sein des maisons du département du Conseil Général de la Corrèze","du Lundi au Jeudi de 09h à 12h et de 14h à 17h"
233,201,2,0,"05 55 21 83 37",,,"ddt-anah@correze.gouv.fr",,"Du lundi au jeudi de 13h30 à 16h","Du lundi au jeudi de 13h30 à 16h"
234,202,2,0,"05 55 51 69 57",,,"ddt-anah@creuse.gouv.fr",,"Du lundi au jeudi de 14h à 16h sur rendez-vous","Du lundi au jeudi de 14h à 16h."
235,203,1,1,"05 55 94 77 51",,,"energiespourdemain@yahoo.fr","http://www.energiespourdemain.fr","Du lundi au vendredi de 9h00- 12h30 / 14h-17h30","Du lundi au vendredi de 9h00- 12h30 / 14h-17h30"
236,204,1,1,"05 55 74 08 08",,,"maison-habitat@agglo-brive.fr","http://www.agglo-brive.fr","Du mardi au vendredi 9H-12H  14H-17H","Du mardi au vendredi 9H-12H  14H-17H"
237,205,1,0,"05 55 51 03 39",,,"m.hylaire@sde23.fr",,"Du lundi au vendredi de 9h00- 12h30 / 14h-17h30","Du lundi au vendredi de 9h00- 12h30 / 14h-17h30"
238,206,1,0,"05 55 45 49 01",,,"benjamin_gouttefangeas@ville-limoges.fr , jerome_jiat@ville-limoges.fr",,"du Lundi au vendredi de 8h30 à 12h30 et de 13h30 à 17h","du Lundi au vendredi de 8h30 à 12h30 et de 13h30 à 17h"
239,207,2,0,"05 55 54 04 95",,,"administration@ccbrv.fr",,"Lundi de 14h à 17h. Mercredi de 9h à 12h.","Lundi, mardi, jeudi, de 8h30 à 12h et de 14h à 17h. Le mercredi de 8h30 à 12h."
240,208,2,0,"05 55 52 46 67",,,"cal-pact-creuse@pactarim.net",,"Du lundi au vendredi, de 9h à 12h30.","Du lundi au vendredi, de 9h à 11h30."
241,209,2,0,"05 55 41 04 48",,,"direction.generale@agglo-grandgueret.fr",,"Du lundi au jeudi de 8h à 12h et de 13h30 à 17H30 et le vendredi de 8h à 12h et de 13h30 à 16h45","Du lundi au jeudi de 8h à 12h et de 13h30 à 17H30 et le vendredi de 8h à 12h et de 13h30 à 16h45"
242,210,2,0,"05 55 63 71 89",,,"habitat@cc-pays-sostranien.fr",,"Mardi de 14h30 à 18h et jeudi de 9h30 à 12h30.","Du lundi au vendredi, de 9h30 à 12h30 et de 14h30 à 18h."
243,211,2,0,"05 55 80 28 02",,,"sivuhabitat@yahoo.fr",,"Lundi, mardi, jeudi de 8h30 à 12h30 et de 13h30 à 17h. Mercredi de 13h30 à 17h.","Lundi, mardi, jeudi de 8h30 à 12h30 et de 13h30 à 17h. Mercredi de 13h30 à 17h."
244,212,2,0,"05 55 89 07 07",,,"habitat@paysdunois.fr",,"Le jeudi de 9h30 à 12h sans rendez-vous. Les autres jours sur rendez-vous. Fermé le lundi.","Du mardi au vendredi, de 9h à 12h30 et de 14h à 17h."
245,213,2,0,"05 55 67 72 44 ",,,"habitat@creuse-grand-sud.fr",,"Lundi de 9h à 12h30 et jeudi de 14h à 17h30.","Du lundi au vendredi de 9h à 12h et de 13h30 à 16h."
246,214,2,0,"05 55 62 56 89",,,"service.habitat@ciate.net",,"Du lundi au jeudi de 8h30 à 12h30 et de 13h30 à 17h30. Vendredi de 8h30 à 12h30 et de 13h30 à 16h30.","Du lundi au jeudi de 8h30 à 12h30 et de 13h30 à 17h30. Vendredi de 8h30 à 12h30 et de 13h30 à 16h30."
247,215,2,0,"05 55 83 11 17",,,"contact@payscombrailleenmarche.org",,"Mardi, mercredi et jeudi de 8h30 à 12h30.","Mardi, mercredi et jeudi de 8h30 à 12h30."
248,216,3,1,"03 83 27 62 72",,,"adil.54@wanadoo.fr","www.adil54.org","Du lundi au jeudi de 8h30 à 12h et de 13h30 à 17h30, le vendredi de 13h30 à 17h30","Du lundi au jeudi de 8h30 à 12h / 13H30 à 17h30 / Vendredi de 13h30 à 17h30"
249,216,2,1,"03 83 27 62 72",,,"adil.54@wanadoo.fr","www.adil54.org","Du lundi au jeudi de 8h30 à 12h et de 13h30 à 17h30, le vendredi de 13h30 à 17h30","Du lundi au jeudi de 8h30 à 12h / 13H30 à 17h30 Vendredi de 13h30 à 17h30"
250,217,3,1,"03 87 50 02 60",,,"contact@adil57.fr","www.adil57.org","Du lundi après-midi au vendredi de 9h00 à 12h30 / 14h à 17h30","Lundi de 14h à 17h30 / Mardi de 9h à 12h30 / 14h à 17h30 / Mercredi de 9h à 12h30 / 14h à 17h30 / Jeudi de 9h à 12h30 / 14h à 17h30 / Vendredi de 9h à 12h30 / 14h à 17h30"
251,218,2,0,"03 29 79 93 45",,,"ddt-suh@meuse.gouv.fr",,"Du lundi au vendredi, de 9h à 11h30.","Du lundi au vendredi de 9h à 11h30 et de 14h à 17h"
252,219,2,0,"03 87 34 34 57",,,"ddt-anah@moselle.gouv.fr",,"Du lundi au vendredi de 9h.à 12h. et de 14h. à 16h.","Du lundi au vendredi de 9h.à 12h. et de 14h.à 17h"
253,220,2,0,"03 29 69 13 76",,,"anah@vosges.gouv.fr",,"Du lundi au vendredi de 9h00 à 11h30","Du lundi au vendredi de 9h00 à 11h30"
254,221,1,0,"03 29 82 93 85",,,"cov@eie-lorraine.fr","http://www.eie-lorraine.fr/","Du lundi au vendredi de 9h00- 12h / 14h-17h30","Du lundi au vendredi de 9h00- 12h / 14h-17h30"
255,222,1,0,"03 83 37 25 87",,,"nancygrandsterritoires@eie-lorraine.fr","http://www.eie-lorraine.fr","Du lundi au vendredi de 9h00- 12h / 13h30-17h30","Du lundi au vendredi de 9h00- 12h / 13h30-17h30"
256,223,1,0,"03 87 50 82 21",,,"paysmessin@eie-lorraine.fr","http://www.eie-lorraine.fr","Du lundi au vendredi de 9h00- 12h / 13h30-17h30","Du lundi au vendredi de 9h00- 12h / 13h30-17h30"
257,224,1,0,"03 83 72 90 55",,,"est54@eie-lorraine.fr","http://www.eie-lorraine.fr","Du lundi au vendredi de 9h00- 12h / 14h-17h30","Du lundi au vendredi de 9h00- 12h / 14h-17h30"
258,225,1,0,"03 29 56 75 18",,,"estvosges@eie-lorraine.fr","http://www.eie-lorraine.fr","Du lundi au vendredi de 9h00- 12h / 14h-18h","Du lundi au vendredi de 9h00- 12h / 14h-18h"
259,226,1,0,"03 82 23 32 97",,,"lorrainenord@eie-lorraine.fr","http://www.eie-lorraine.fr","Du lundi au vendredi de 9h00- 12h30 / 14h-17h30","Du lundi au vendredi de 9h00- 12h30 / 14h-17h30"
260,227,1,0,"03 72 55 96 16",,,"meuse@eie-lorraine.fr","http://www.eie-lorraine.fr","Du lundi au vendredi de 9h00- 12h / 14h-17h30","Du lundi au vendredi de 9h00- 12h / 14h-17h30"
261,228,1,0,"03 87 86 46 62",,,"mosellecentre@eie-lorraine.fr","http://www.eie-lorraine.fr/","Du mardi au samedi de 9h - 12h et 14h - 18h","Du mardi au samedi de 9h - 12h et 14h - 18h"
262,229,1,0,"03 87 13 13 71",,,"moselleest@eie-lorraine.fr","http://www.eie-lorraine.fr","Du lundi au vendredi de 9h00- 12h30 / 14h-17h30","Du lundi au vendredi de 9h00- 12h30 / 14h-17h30"
263,230,1,0,"03 82 54 09 49",,,"mosellenord@eie-lorraine.fr","http://www.eie-lorraine.fr","Du mardi au samedi de 9h00- 12h / 13h30-17h30","Du mardi au samedi de 9h00- 12h / 13h30-17h30"
264,231,1,0,"03 83 64 98 04",,,"ouest54@eie-lorraine.fr","http://www.eie-lorraine.fr","Du lundi au vendredi de 9h00- 12h / 14h-17h30","Du lundi au vendredi de 9h00- 12h / 14h-17h30"
265,232,1,0,"03 87 50 82 21",,,"paysmessin@eie-lorraine.fr","http://www.eie-lorraine.fr","Du lundi au vendredi de 9h00- 12h / 13h30-17h30","Du lundi au vendredi de 9h00- 12h / 13h30-17h30"
266,233,2,1,"03 54 50 20 40",,,"mhdd@grand-nancy.org","www.grand-nancy.org/mhdd","Du lundi au jeudi de 9h à 12h et de 13h à 18h. Le vendredi de 9h à 12h et de 13h à 17h","Du lundi au jeudi de 9h à 12h et de 13h à 18h. Le vendredi de 9h à 12h et de 13h à 17h"
267,234,3,1,"05 65 73 18 00",,,"adil12@wanadoo.fr","www.adil12.org","Lundi, mardi, jeudi et vendredi de 9h à 12h et de 14h à 17h - Mercredi de 14h à 17h.","Lundi, mardi, jeudi et vendredi de 9h à 12h et de 14h à 17h - Mercredi de 14h à 17h."
268,234,1,1,"05 65 68 06 41",,,"info.energie12@orange.fr","http://www.adil12.org","Sans rendez-vous, du lundi au vendredi 9h-12h 14h-17h - Le mercredi 14h-17h","Lundi, mardi, jeudi et vendredi de 9h à 12h et de  14h à 17h - Mercredi de 14h à 17h"
269,234,2,1,"05 65 73 18 00",,,"adil12@wanadoo.fr","www.adil12.org","Lundi, mardi, jeudi et vendredi de 9h à 12h et de 14h à 17h, Mercredi de 14h à 17h","Lundi, mardi, jeudi et vendredi de 9h à 12h et de 14h à 17h, mercredi de 14h à 17h"
270,235,3,1,"05 61 22 46 22",,,"info@adil31.org","www.adil31.org","Lundi : 13h-17h / Du mardi au vendredi 9h-17h sans interruption","Lundi de 13h30 à 17hDu mardi au vendredi de 9h à 11h / 14h à 16h"
271,236,3,1,"05 62 34 67 11",,,"adil.65@wanadoo.fr","www.adil65.org","Du Lundi au vendredi de 9h à 12h30 / 13h30 à 17h30 (sauf le mardi matin (fermeture au public) et vendredi 16h30)","Du Lundi au vendredi de 9h à 12h30 / 13h30 à 17h30 (sauf le mardi matin (fermeture au public) et vendredi 16h30)"
272,236,2,1,"05 62 34 67 11",,,"adil.65@wanadoo.fr","www.adil65.org","Du Lundi au vendredi de 9h à 12h30 / 13h30 à 17h30 (sauf le mardi matin (fermeture au public) et vendredi 16h30)","Du Lundi au vendredi de 9h à 12h30 / 13h30 à 17h30 (sauf le mardi matin (fermeture au public) et vendredi 16h30)"
273,237,3,1,"05 81 32 35 05",,,"direction@adil32.org","www.adil32.org","Lundi : 9h - 12h30 et 13h30-17H30 / Mardi : 9h - 12h30 et 14h – 17h30 / Mercredi : 9h - 12h30 et 14h – 17h30 / Jeudi : 9h - 12h30 et 14h – 17h30 / Vendredi : 9h - 12h30 et 13h30 – 16h30","Lundi : 9h - 12h30 / 13h30 - 17h30 / Mardi : 9h - 12h30 / 14h - 17h30 / Mercredi : 9h - 12h30 / 14h - 17h30 / Jeudi : 9h - 12h30 / 14h - 17h30 / Vendredi : 9h - 12h30 / 13h30 - 16h30"
274,237,2,1,"05 81 32 35 05",,,"direction@adil32.org","www.adil32.org","Lundi : 9h - 12h30 et 13h30-17H30 / Mardi : 9h - 12h30 et 14h – 17h30 / Mercredi : 9h - 12h30 et 14h – 17h30 / Jeudi : 9h - 12h30 et 14h – 17h30 / Vendredi : 9h - 12h30 et 13h30 – 16h30","Lundi : 9h - 12h30 / 13h30 - 17h30 / Mardi : 9h - 12h30 / 14h - 17h30 / Mercredi : 9h - 12h30 / 14h - 17h30 / Jeudi : 9h - 12h30 / 14h - 17h30 / Vendredi : 9h - 12h30 / 13h30 - 16h30"
275,238,3,1,"05 65 35 25 41",,,"adil46@wanadoo.fr","www.adil46.org","Du lundi au jeudi de 8h45 à 12h00 et de 14h00 à 17h30, et le vendredi de 8h45 à 12h00","Du lundi au jeudi de 8h45 à 12h00 et de 14h00 à 17h30, et le vendredi de 8h45 à 12h00"
276,238,2,1,"05 65 35 25 41",,,"adil46@wanadoo.fr","www.adil46.org","Du lundi au jeudi de 8h45 à 12h00 et de 14h00 à 17h30, et le vendredi de 8h45 à 12h00","Du lundi au jeudi de 8h45 à 12h00 et de 14h00 à 17h30, et le vendredi de 8h45 à 12h00"
277,239,3,1,"05 63 48 73 80",,,"adil81@wanadoo.fr","www.adiltarn.org","Du lundi au vendredi de 8h30 à 12h30 et de 13h30 à 17h30 (16h30 le vendredi)","Lundi au vendredi de 8h30 à 12h30 / 13h30 à 17h30 (vendredi 16h30)"
278,239,2,1,"05 63 48 73 80",,,"adil81@wanadoo.fr","www.adiltarn.org","Du lundi au vendredi de 8h30 à 12h30 et de 13h30 à 17h30 (16h30 le vendredi)","Lundi au vendredi de 8h30 à 12h30 / 13h30 à 17h30 (vendredi 16h30)"
279,240,3,1,"05 63 63 04 68",,,"adil82@wanadoo.fr","www.adil82.org","Du lundi au jeudi de 9h à 12h et de 13h30 à 17h / Le vendredi de 9h à 12h et de 13h à 16h","Du lundi au vendredi de 10h à 12h / 14h à 16h"
280,241,1,0,"05 34 14 63 81",,,"infoenergie09@orange.fr","http://aleda09.fr/","Pour un rendez-vous à l’Espace INFO ENERGIE, prendre contact par téléphone.","Lundi, mardi et jeudi de 09h00 à 12h30 - mercredi et vendredi de 13h30 à 17h00"
281,242,1,0,"05 62 63 49 65",,,"eie32@wanadoo.fr",,"Sur rendez-vous : du lundi au vendredi","Du lundi au vendredi de 8h30 à 12h30 et de 14h00 à 17h00"
282,243,2,1,"05 61 02 47 15",,,"ddt-anah@ariege.gouv.fr",,"Lundi, mardi, jeudi de 14h à 16h. Mercredi et vendredi de 9h à 12h et sur rdv","Lundi, mardi, jeudi de 14h à 16h. Mercredi et vendredi de 9h à 11h."
285,246,1,0,"05 63 91 42 70",,,"infoenergie82@yahoo.fr",,"Sur rendez-vous, du lundi au Jeudi 9h30 - 12h30 et 13h30 - 17h ; le vendredi 9h30 - 12h30","Du Lundi au Vendredi de 9h30 à 12h30 et de 13h30 à 17h00  (le mercredi : 1 semaine sur 2)"
286,247,1,0,"05 61 97 34 20",,,"infoenergie-sudtoulousain@orange.fr","http://www.payssudtoulousain.fr/plan-climat-energie/espace-info-energie","Lundi, mardi et jeudi de 8h30 à 12h et de 13h30 à 17h","Lundi, mardi et jeudi de 8h30 à 12h et de 13h30 à 17h"
287,248,1,0,"05 63 60 16 80",,,"infoenergie@tarn.fr","www.caue-mp.fr","Sur Rendez-vous","Du Lundi au Vendredi de 9h00 à 12h00, le mardi et le jeudi de 14h00 à 16h00"
288,249,1,0,"05 62 34 87 72",,,"infoenergie65@pactbearn.com","http://www.pactbearn.com/","sur Rendez-vous, du Lundi au Vendredi de 9h - 12h et 14h - 17h","du Lundi au Vendredi de 9h - 12h et 14h - 17h"
289,250,1,0,"05 65 35 30 78",,,"info@quercy-energies.fr","http://www.quercy-energies.fr/","12h00 et de 13h00 à 17h00","Du lundi au vendredi de 09h00 à 12h30 et de 14h00 à 18h00"
290,251,1,0,"05 67 69 69 67",,,"info.energie@solagro.asso.fr","http://www.solagro.org","Sur Rendez-vous, mardi 9h30 - 12h30 et Vendredi 14h - 17h","Du mardi au vendredi 9h00 -12h30 et 14h00 - 18h00"
291,252,1,0,"05 61 73 38 81",,,"infoenergie@soleval.org","http://www.soleval.org","Sur rendez-vous, de mardi à Jeudi 9h30-17h30 - vendredi 9h30-13h30","De mardi à jeudi de 9h30 à 12h30 et de 13h30 à 17h30 - vendredi de 9h30 à 13h30"
295,256,2,0,"05 62 21 46 60",,,"toulouse@urbanis.fr",,"Du lundi au vendredi de 9h à 12h et de 14h à 16h30","Du lundi au vendredi de 9h à 12h et de 14h à 16h30"
297,258,2,0,"05 62 27 51 50",,,"pact31@pact31.fr",,"Du lundi au vendredi de 9h à 12h et de 14h à 16h30","Du lundi au vendredi de 9h à 12h et de 14h à 16h30"
298,259,2,0,"05 63 22 50 50",,,"anahgmca@ville-montauban.fr",,"Lundi et mardi de 14h à 17h, mercredi de 9h à 12h et 14h à 17h et vendredi de 9h à 12h.","Lundi et mardi de 14h à 17h, mercredi de 9h à 12h et 14h à 17h et vendredi de 9h à 12h."
299,260,2,0,"05 62 21 46 60",,,"toulouse@urbanis.fr",,"Du lundi au vendredi de 9h à 12h et de 14h à 16h30","Du lundi au vendredi de 9h à 12h et de 14h à 16h30"
300,261,2,1,"05 63 91 82 45",,,"anahcg82@cg82.fr",,"Lundi de 14h à 17h, jeudi de 9h à 12h et de 14h à 17h, vendredi de 9h à 12h.","Lundi de 14h à 17h, jeudi de 9h à 12h et de 14h à 17h, vendredi de 9h à 12h."
301,262,3,1,"03 59 61 15 00",,,"contact@adilnord.fr","www.adilnord.fr","Du lundi au Vendredi: 8h30-12h30 et 13h30-17h30. ","Du lundi au Vendredi: 8h30-12h30 et 13h30-17h30. "
302,262,1,0,"03 62 53 25 12",,,"jdorchies@adilnord.fr",,"Sur Rendez-vous","Mardi à Vendredi: 8h30-12h30 et 13h30-17h30. Samedi: 8h30-12h"
303,263,3,0,"03 62 53 25 10",,,"contact@adilnord.fr","www.adilnord.fr","Sur rendez-vous",
304,263,1,0,"03 62 53 25 16",,,"agbeard@adilnord.fr",,"Sur Rendez-Vous","Lundi au jeudi : 8h30-12h30 et 13h30-17h Vendredi : 8h30-12h30 et 13h30-16h"
305,264,3,0,"03 62 53 25 19",,,"contact@adilnord.fr","www.adilnord.fr","Sur rendez-vous",
306,264,1,0,"03 62 53 25 19",,,"cleriche@adilnord.fr","http://www.adilnord.fr/","Sur Rendez-Vous","Du lundi au vendredi de 8h30 à 12h30 et de 13h30 à 16h"
307,265,3,0,"03 62 53 25 15",,,"contact@adilnord.fr","www.adilnord.fr","Sur rendez-vous",
308,265,1,0,"03 62 53 25 15",,,"lplouvier@adilnord.fr",,"Sur Rendez-Vous","Lundi à jeudi: 8h30-12h30 et 13h30-17h30 Vendredi 8h30-12h30"
309,266,3,0,"03 62 53 25 11",,,"contact@adilnord.fr","www.adilnord.fr","Sur rendez-vous",
310,266,1,0,"03 62 53 25 11",,,"aaugereau@adilnord.fr",,"Sur Rendez-Vous","Mardi à Vendredi: 8h30-12h30 et 13h30-17h30. Samedi: 8h30-12h"
311,267,3,0,"03 62 53 25 14",,,"contact@adilnord.fr","www.adilnord.fr","Sur rendez-vous",
312,267,1,0,"03 62 53 25 14",,,"awilliart@adilnord.fr",,"Sur Rendez-Vous","lundi au jeudi : 8h30-12h30 et 13h30-17h00 Vendredi : 8h30-12h30 et 13h30-16h"
313,268,3,0,"03 62 53 25 18",,,"contact@adilnord.fr","www.adilnord.fr","Sur rendez-vous",
314,268,1,0,"03 62 53 25 13",,,"gflament@adilnord.fr",,"Sur Rendez-Vous","Lundi au jeudi: 8h30-12h30 et 13h30-17h30 Vendredi: 8h30-12h30"
315,269,3,0,"03 62 53 25 17",,,"contact@adilnord.fr","www.adilnord.fr","Sur rendez-vous",
316,269,1,0,"03 62 53 25 17",,,"jdufromont@adilnord.fr","http://www.adilnord.fr","Sur Rendez-Vous","Du lundi au Vendredi 9h-12h30 et 13h30-17h30"
317,270,3,0,"03 62 53 25 18",,,"contact@adilnord.fr","www.adilnord.fr","Sur rendez-vous",
318,270,1,0,"03 62 53 25 18",,,"jaccadebled@adilnord.fr","http://www.adilnord.fr","Sur Rendez-Vous","Du lundi au vendredi de 8h30 à 12h30 et 13h30 à 17h30"
319,271,1,0,"03 21 36 22 11",,,"eieducalaisis@agglo-calaisis.fr",,"Du lundi au Vendredi 9h-12h30 et 13h30-17h00","Du lundi au Vendredi 8h30h-12h et 14h-17h00"
320,272,2,0,"03 21 22 90 98",,,"ddtm-anah@pas-de-calais.gouv.fr",,"Du lundi au jeudi de 13h30 à 16h30. Le vendredi de 13h30 à 16h.","Du lundi au jeudi de 13h30 à 16h30. Le vendredi de 13h30 à 16h."
321,273,2,0,"03 28 03 83 09",,,"ddtm-anah@nord.gouv.fr",,"Du lundi au jeudi de 9h à 12h et de13h30 à 16h","Du lundi au vendredi de 9h à 12h et de13h30 à 16h"
322,274,1,0,"03 21 41 70 07",,,"equipe@apetitspas.net",,"Mardi au vendredi: 9h30-13h et 14h-17h30. Ouverture à partir de 10h le lundi","Mardi au vendredi: 9h30-13h et 14h-17h30. Ouverture à partir de 10h le lundi"
323,275,1,0,"08 00 00 49 08",,,"cabinfoenergie@agglo-boulonnais.fr",,"Sur Rendez-Vous","Du lundi au Vendredi 9h-12h et 14h-16h30 Fermé le mercredi"
324,276,1,0,"08 00 62 62 62",,,"eie@cu-arras.org",,"Lundi au jeudi : 9h-12h30 et 13h30-17h30 Vendredi: 9h-12h30 1er samedi du mois sur RDV : 9h-12h30","Lundi au jeudi : 9h-12h30 et 13h30-17h30 Vendredi: 9h-12h30 1er samedi du mois sur RDV : 9h-12h30"
325,277,1,0,"08 00 28 36 75",,,"operation.reflexenergie@cud.fr","http://www.dunkerquegrandlittoral.org","Du lundi au Vendredi 9h-12h et 14h-17h00","Du lundi au Vendredi 9h-12h et 14h-17h00"
326,278,1,0,"03 20 52 12 02",,,"eie2@mres-asso.org",,"Du lundi au Vendredi 9h-12h30 et 13h30-17h00","Du lundi au Vendredi 9h-12h30 et 13h30-17h00"
327,279,1,0,"03 20 85 80 81",,,"eie.lille@clcv.org",,"Sur Rendez-Vous","Du lundi au Vendredi 9h30-12h30 et 14h-17h"
328,280,1,0,"03 21 55 92 16",,,"conseiller.eie@paysartois.eu","http://www.cieu.org","Sur Rendez-Vous","Du lundi au Vendredi 9h-12h30 et 13h30-17h00"
329,281,1,0,"03 21 95 44 19",,,"espace-info-energie@enerlya.fr",,"Sur Rendez-Vous","Lundi au vendredi: 9h-12h30 et 14h-17h30"
330,282,1,0,"03 21 47 95 59",,,"eie-ternois-lysromane@hdno.fr",,"Sur Rendez-Vous","Du lundi au Vendredi 9h-12h30 et 13H30-17h00"
331,283,1,0,"03 21 79 72 29",,,"info-energie@agglo-henincarvin.fr",,"Sur Rendez-Vous","Lundi : 14h17h30  Mardi au Vendredi 9h-12h30 et 13h30-17h00"
332,284,1,0,"03 21 37 38 36",,,"infoenergie62@hdno.fr",,"Du lundi au Vendredi 9h-12h30 et 13h30-17h00","Du lundi au Vendredi 9h-12h30 et 13h30-17h00"
333,285,1,0,"03 27 71 37 42",,,"info-energie@cc-coeurdostrevent.fr","http://www.cc-coeurdostrevent.fr","Lundi : 14h17h30 Mardi à Vendredi : 9 h à 12 h et 14 h à 17h30","Mardi au vendredi: 9-12 h 30 et 13h30-17h30"
334,286,1,0,"03 62 61 47 90",,,"info-energie@artoiscomm.fr",,"Mardi au vendredi: 8h30-12 h 30 et 13h30-17h30","Mardi au vendredi: 9-12 h 30 et 13h30-17h30"
335,287,1,0,"03 21 87 86 31",,,"info.energie@parc-opale.fr",,"Du lundi au Vendredi 9h-12h30 et 13h30-17h00","Du lundi au Vendredi 9h-12h30 et 13h30-17h00"
336,288,3,1,"03 62 53 25 10",,,"contact@adilnord.fr","www.adilnord.fr","Sur rendez-vous",
337,288,1,0,"03 62 53 25 10",,,"jboutillon@adilnord.fr",,"Sur Rendez-Vous","Du lundi au mercredi : 9h-12h30 et 13h30-17h30 Du jeudi au vendredi : 9h-12h30 et 13h30-17h"
338,289,2,0,"08 00 59 20 11",,,"habitatdurable@agglo-porteduhainaut.fr","http://www.agglo-porteduhainaut.fr/"," Uniquement sur RDV le mardi et le jeudi de 14h à 17h","Mardi, mercredi et jeudi de 8h30 à 12h."
339,290,2,0,"03 27 99 78 90",,,"communaute@douaisis-agglo.com","http://www.douaisis-agglo.com/","Uniquement sur rendez-vous","Du lundi au vendredi de 9h30 à 12h et de 14h à 17h"
340,291,2,0,"08 00 59 14 62",,,"cud.habitermieux@gmail.com","www.communaute-urbaine-dunkerque.fr","Du lundi au jeudi de 9h à 11h45 et de 14h à 17h - Le vendredi de 9h à 11h45 et de 14h à 16h","Du lundi au jeudi de 9h à 11h45 et de 14h à 17h - Le vendredi de 9h à 11h45 et de 14h à 16h"
341,292,2,0,"03 27 53 08 42",,,"habitat@amvs.fr","www.agglo-maubeugevaldesambre.fr","Du Lundi au Jeudi de 8h30 à 12h30 et 13h30 à 17h30 Le Vendredi de 8h30 à 12h30 et de 13h30 à 16h30","Du Lundi au Jeudi de 8h30 à 12h30 et 13h30 à 17h30 Le Vendredi de 8h30 à 12h30 et de 13h30 à 16h30"
342,293,2,0,"03 21 21 88 98",,,"jc.corrion@cu-arras.org","http://www.cu-arras.fr","Sur rendez-vous","Du lundi au vendredi de 9H00 à 12H00"
343,294,2,0,"03 21 61 50 00",,,"contact@agglo-artoiscomm.fr","http://www.artoiscomm.fr/","Lundi et vendredi de 14h à 17h. Mercredi de 9h à 12h","Le lundi de 14h à 17h. Le mercredi de 9h à 12h. Le vendredi de 14h à 17h."
344,295,2,0,"08 00 10 59 59",,,"citemetrie@citemetrie.fr",,"Le Jeudi de 9h à 11h, sur rendez-vous.","Du lundi au vendredi de 9h à 12h et de 13h à 17h."
345,296,2,0,"03 21 37 38 36",,,"c.c-hesdin@wanadoo.fr","http://www.cc-hesdinois.fr/","Le jeudi de 9h à 12h à la CC de l'Hesdinois et  le mardi de 13h30 à 15h30 à la médiatheque d'Auchy-les Hesdins","Du lundi au vendredi de 9h à 12h et de 14h à 17h30"
346,297,2,0,"03 21 79 05 13",,,"contact@agglo-lenslievin.fr","http://www.communaupole-lenslievin.fr/","Du lundi au vendredi de 9h à 11h 30 et de 14h à 16h30","Du lundi au vendredi de 9h à 11h 30 et de 14h à 16h30"
347,298,2,0,"08 00 00 28 62",,,"agence.npdc@hdno.fr","http://www.paysduternois.eu/","Lundi mercredi 10-12h St Pol sur Ternoise. Mardi 10-12h Pernes et 14-16h Heuchin. Jeudi 10-12h Frévent et 14-16h Auxi le Château","Du lundi au vendredi de 9h à 12h et de 14h à 17h30."
348,299,2,0,"03 21 10 36 43",,,"lleroy@agglo-boulonnais.fr","http://www.agglo-boulonnais.fr","Du lundi au vendredi, de 9h à 12h et de 14h à 17h","Du lundi au vendredi, de9h à 12h et de 14h à 17h"
349,300,2,0,"03 20 17 91 12",,,"secretariat-general@mairie-calais.fr",,"Le lundi de 13h30 à 16h30. Le mercredi de 9h à 12h et de 13h30 à 16h30.","Le lundi de 13h30 à 16h30. Le mercredi de 9h à 12h et de 13h30 à 16h30."
350,301,2,0,"03 27 09 63 49",,,"pas@e.mail","www.valenciennes-metropole.fr","Sur rendez-vous","Mardi matin de 9h à 12h"
351,302,2,0,"03 59 00 03 59",,,"maisonhabitatdurable@lillemetropole.fr","www.maisonhabitatdurable-lillemetropole.fr","Du mardi au vendredi de 9h30 à 12h30 et de 13h30 à 18h - Samedi matin de 9h00 à 12h30","Du mardi au vendredi de 9h30 à 12h30 et de 13h30 à 18h - Samedi matin de 9h00 à 12h30"
352,303,3,1,"02 40 89 30 15",,,"contact@adil44.fr","www.adil44.fr","Du lundi au vendredi de 9h00 à 12h30 et de 13h30 à 17h00 (Fermé le mardi matin)","Du lundi au vendredi de 9h00 à 12h30 et de 13h30 à 17h00 (Fermé le mardi matin)"
353,303,2,0,"02 40 89 30 15",,,"contact@adil44.fr","www.adil44.fr","Du lundi au vendredi de 9h00 à 12h30 et de 13h30 à 17h00 (Fermé le mardi matin)","Du lundi au vendredi de 9h00 à 12h30 et de 13h30 à 17h00 (Fermé le mardi matin)"
354,304,3,1,"02 43 69 57 00",,,"adil53@orange.fr","www.adil53.org","Du lundi au vendredi de 9h à 12h / 13h30 à 17h30","Du lundi au vendredi de 9h à 12h / 13h30 à 17h30"
355,305,3,1,"02 51 44 78 78",,,"contact@adil85.org","www.adil85.org","Du lundi au jeudi de 8h45 à 12h30 / 13h45 à 18hVendredi de 8h45 à 12h30 / 13h45 à 17h","Du lundi au jeudi de 8h45 à 12h30 / 13h45 à 18hVendredi de 8h45 à 12h30 / 13h45 à 17h"
356,305,2,1,"02 51 44 78 78",,,"contact@adil85.org","www.adil85.org","Du lundi au jeudi de 8h45 à 12h30 / 13h45 à 18hVendredi de 8h45 à 12h30 / 13h45 à 17h","Du lundi au jeudi de 8h45 à 12h30 / 13h45 à 18hVendredi de 8h45 à 12h30 / 13h45 à 17h"
357,306,3,1,"02 41 81 89 40",,,"contact@adil49.com","www.adil49.org","Du lundi au jeudi de 9 à 13 h sans rendez-vous, l'après-midi sur rendez-vous","Du lundi au jeudi de 9h à 13h"
358,307,1,0,"02 41 18 01 08",,,"angers.49@eiepdl.fr","http://www.info-energie-paysdelaloire.fr/","du lundi au vendredi  14h-18h","du lundi au vendredi  14h-18h"
359,308,1,0,"02 40 08 03 30",,,"saintnazaire.44@eiepdl.fr","http://www.info-energie-paysdelaloire.fr/","du lundi au vendredi  9h-13h et 14h-18h","Du lundi au Vendredi 9h-12h30 et 13h30-17h00"
360,309,1,0,"02 40 08 03 30",,,"nantes.44@eiepdl.fr","http://www.info-energie-paysdelaloire.fr","du lundi au vendredi  9h-13h et 14h-18h","du lundi au vendredi de 9h-13h et 14h-18h."
361,310,1,0,"06 95 09 37 56",,,"synergies-eie@orange.fr","http://www.info-energie-paysdelaloire.fr/","mardi et mercredi 9h-12h et 14h-18h à Mayenne / vendredi 9h-12 et 14h-18h à Château-Gontier / jeudi semaines paires 9h-12h à Château-Gontier","mardi - mercredi - vendredi 9h-12h et 14h-18h"
362,311,2,0,"02 72 16 40 19",,,"ddt-anah@sarthe.gouv.fr",,"Du lundi au vendredi de 9h à 11h et sur rendez-vous l'après-midi.","Du lundi au vendredi de 9h à 16h"
363,312,2,1,"02 41 86 65 00",,,"ddt-anah@maine-et-loire.gouv.fr",,"Du lundi au jeudi de 9 à 13 h sans rendez-vous, l’après-midi sur rendez-vous","Du lundi au jeudi de 9h à 13h"
364,313,1,0,"02 51 08 82 27",,,"eie85@eiepdl.fr","http://www.info-energie-paysdelaloire.fr/","du lundi au vendredi 9h-12h30 et 14h-17h30 (sauf le mardi après-midi)","Du lundi au Vendredi 9h-12h30 et 14h00-17h30 (sauf le mardi après-midi)"
365,314,1,0,"02 40 08 03 30",,,"nord-est.44@eiepdl.fr","http://www.info-energie-paysdelaloire.fr/","Semaines paires  / Blain : mardi 9h30-12h30 / Chateaubriand : mercredi 9h30-12h30  / Nozay : mercredi 14h-17h  / Grandchamps-des-Fontaines : vendredi 9h-12h  / Semaines impaires   / Derval : 1 mardi/mois : 9h30-12h30  / Chateaubriand : mercredi 9h30-12h30  / Nord/Erdre :","Du lundi au Vendredi 9h-12h30 et 13h30-17h00"
366,315,1,0,"02 43 91 47 66",,,"laval.53@eiepdl.fr","http://www.info-energie-paysdelaloire.fr/","du lundi au vendredi  9h-12h","Du lundi au jeudi 9h-12h30 et 13h30-17h00. Le vendredi 9h-12h30 et 13h30-16h30"
367,315,2,0,"02 43 91 19 91",,,"contact@hd53.fr",,"du lundi au vendredi  9h-12h","Du lundi au jeudi 9h-12h30 et 13h30-17h00. Le vendredi 9h-12h30 et 13h30-16h30"
368,316,1,0,"02 43 28 47 93",,,"eie72@ville-lemans.fr","http://www.info-energie-paysdelaloire.fr/","du lundi au vendredi 9h-12h","permanence téléphonique du lundi au vendredi de 9h à 12h"
369,317,2,0,"02 41 18 80 69",,,"cellulehabitat@cg49.fr",,"Du lundi au vendredi de 9h à 12h","Du lundi au vendredi de 9h à 12h30 et de 13h30 à 17h30"
370,318,2,0,"02 51 16 48 48",,,"amelioration-habitat@agglo-carene.fr","http://www.ecorenove-carene.fr","Permanences organisées sur les communes de l'agglomération","Du lundu au vendredi de 9h à 12h30 et de 13h30 à 17h"
371,319,3,0,"02 51 31 08 98",,,"habitat@larochesuryonagglomeration.fr","www.larochesuryonagglomeration.fr","Sur rendez-vous","Du lundi au vendredi 13h30-17h30"
372,319,1,0,"02 51 31 08 98",,,"habitat@larochesuryonagglomeration.fr","www.larochesuryonagglomeration.fr","Sur rendez-vous","Du lundi au vendredi 13h30-17h30"
373,319,2,0,"02 51 31 08 98",,,"habitat@larochesuryonagglomeration.fr","www.larochesuryonagglomeration.fr","Sur rendez-vous","Du lundi au vendredi de 13h30 à 17h30."
374,320,2,0,"02 40 44 99 44",,,"contact@centrehabitat44.org","www.centrehabitat44.org","Du lundi au vendredi de 8h30 à 12h30 au CDH. Des permanences sont également organisées dans certaines communes.","Du lundi au vendredi de 8h30 à 12h30 et de 13h30 à 17h30."
375,321,3,1,"03 44 48 61 30",,,"adil60@wanadoo.fr","www.adil60.org","Du lundi au vendredi de 9h à 12h30 et de 13h30 à 17h","Du lundi au vendredi de 8h30 à 13h30 / 13h30 à 17h"
376,321,1,0,"03 44 48 61 30",,,"eie.adil60@wanadoo.fr",,"9h-12h30 et 14h-17h30 du lundi au vendredi","9h-12h30 et 14h-17h30 du lundi au vendredi"
377,321,2,1,"03 44 48 61 30",,,"adil60@wanadoo.fr","www.adil60.org","Du lundi au vendredi de 9h à 12h30 et de 13h30 à 17h","Du lundi au vendredi de 8h30 à 13h30 / 13h30 à 17h"
378,322,3,1,"03 60 12 45 00",,,"adil.80@fcvnet.net","www.adil80.org","Du lundi au jeudi de 8h30 à 12h30 / 13h30 à 17h30 et le vendredi de 8h30 à 12h30 / 13h30 à 16h30","Du lundi au jeudi de 8h30 à12h30 / 14h à 17h30 / Vendredi de 8h30 à 12h30"
379,322,2,1,"03 60 12 45 00",,,"adil.80@fcvnet.net","www.adil80.org","Du lundi au jeudi de 8h30 à 12h30 / 13h30 à 17h30 et le vendredi de 8h30 à 12h30 / 13h30 à 16h30","Du lundi au jeudi de 8h30 à12h30 / 14h à 17h30 / Vendredi de 8h30 à 12h30"
380,323,1,0,"03 60 12 40 24",,,"nicolas.depreux@apremis.fr",,"9h-12h30 et 14h-17h30 du lundi au vendredi","9h-12h30 et 14h-17h30 du lundi au vendredi"
381,324,1,0,"03 44 45 04 22",,,"eie60@ateliers-bergerette.org",,"Lundi au vendredi de 9h00 à 12h30 et 13h30 à 18h00","Lundi au vendredi de 9h00 à 12h30 et 13h30 à 18h00"
382,325,1,0,"03 23 26 73 84",,,"g.degoi@hd02.com",,"du lundi au vendredi de 8 h 00 à 12 h 00 et de 13 h 30 à 17h30","du lundi au vendredi de 8 h 00 à 12 h 00 et de 13 h 30 à 17h30"
383,326,1,0,"03 23 26 73 65",,,"a.poulain@hd02.com",,"du lundi au vendredi de 8 h 00 à 12 h 00 et de 13 h 30 à 17h30","du lundi au vendredi de 8 h 00 à 12 h 00 et de 13 h 30 à 17h30"
384,327,1,0,"03 44 10 82 25",,,"eie3.adil60@orange.fr",,"9h-12h30 et 14h-17h30 du lundi au vendredi","9h-12h30 et 14h-17h30 du lundi au vendredi"
385,328,1,0,"03 22 23 33 41",,,"eie3@pactadrim80.com",,"du lundi au vendredi de 8h00-12h00 et de 13h30-17h30","du lundi au vendredi de 8h00-12h00 et de 13h30-17h30"
386,329,1,0,"03 22 22 67 30",,,"eie80@pactadrim80.com",,"du lundi au vendredi, de 8h30 à 12h et de 13h30 à 18h","du lundi au vendredi, de 8h30 à 12h et de 13h30 à 18h"
387,330,2,0,"                    ",,," accueil@agglo-compiegne.fr",,"Du lundi au vendredi, de 8h30 à  13h 30 et de 14h30 à  18h"," Du lundi au vendredi, de 8h30 à  13h 30 et de 14h30 à  18h"
388,331,2,0,"                    ",,,,,"Du lundi au vendredi de 9h à 12h30 et de 13h30 à 17h30","Du lundi au vendredi de 9h à 12h30 et de 13h30 à 17h30"
389,332,3,1,"05 45 93 94 95",,,"adil16@orange.fr","www.adil16.org","Du lundi au vendredi 9h/12h30 – 14h/17h30","Du lundi au vendredi de 9h à 12h30 / 14h à 17h30"
390,333,3,1,"05 46 34 41 36",,,"contact@adil17.org","www.adil17.org","Du lundi au vendredi de 9h à 12h30 et de 14h à 17h30","Du lundi au vendredi de 9h à 12h30 / 14h à 17h30"
391,334,3,1,"05 49 88 85 98",,,"conseils@adil86.com","www.adil86.com","Du mardi au vendredi de 9h à 17h30","Le lundi de 10h30 à 12h et de 14h30 à 16h et du mardi au vendredi de 9h à 17h30"
392,334,2,1,"05 49 88 85 98",,,"conseils@adil86.com","www.adil86.com","Du mardi au vendredi de 9h à 17h30","Le lundi de 10h30 à 12h et de 14h30 à 16h et du mardi au vendredi de 9h à 17h30"
393,335,3,1,"05 49 28 08 08",,,"accueil@adil79.fr","www.adil79.org","Du lundi au vendredi, de 9h00 à 12h30 et de 14h00 à 17h30","Du lundi au vendredi, de 9h00 à 12h30 et de 14h00 à 17h30"
394,335,1,0,"05 49 28 08 08",,,"d.allaume@adil79.fr","www.adil79.org","Du lundi au vendredi, de 9h00 à 12h30 et de 14h00 à 17h30","Du lundi au vendredi, de 9h00 à 12h30 et de 14h00 à 17h30"
395,335,2,1,"05 49 28 08 08",,,"accueil@adil79.fr","www.adil79.org","Du lundi au vendredi, de 9h00 à 12h30 et de 14h00 à 17h30","Du lundi au vendredi, de 9h00 à 12h30 et de 14h00 à 17h30"
396,336,1,0,"05 45 92 95 93",,,"infoenergie.caue16@wanadoo.fr",,"Du lundi au vendredi : 8h30 – 12h30 ; 13h30 – 17h30","Du lundi au vendredi : 8h30 à 12h30 ; 13h30 à 17h30"
397,337,1,0,"05 46 30 37 73",,,"eie@agglo-larochelle.fr",,"Du lundi au Vendredi 9h-12h30 et 13h30-17h00","Du lundi au Vendredi 9h-12h30 et 13h30-17h00"
398,338,1,0,"05 49 61 61 91",,,"info-energie@wanadoo.fr",,"de 8h30 à 12h et de 13h30 à 17h30 du lundi au jeudi et de 8h30 à 12h et de 13h30 à 17h00 le vendredi","de 8h30 à 12h et de 13h30 à 17h30 du lundi au jeudi et de 8h30 à 12h et de 13h30 à 17h00 le vendredi"
399,339,1,0,"05 46 87 48 44",,,"infoenergie@cda-paysrochefortais.fr",,"le mardi et le mercredi de 10h à 12h et de 14h30 à 17h45","le mardi et le mercredi de 10h à 12h et de 14h30 à 17h45"
400,340,1,0,"05 46 22 19 36",,,"infoenergie@pays-royannais.com",,"lundi au vendredi de 09h00 à 12h30 et de 14h00 à 17h30","lundi au vendredi de 09h00 à 12h30 et de 14h00 à 17h30"
401,341,1,0,"05 49 85 11 66",,,"cpie-seuil-du-poitou@wanadoo.fr",,"lundi au vendredi de 09h00 à 12h30 et de 14h00 à 17h30","lundi au vendredi de 09h00 à 12h30 et de 14h00 à 17h30"
402,342,1,0,"05 49 08 24 24",,,"pie.crer@wanadoo.fr",,"lundi au vendredi de 09h00 à 12h30 et de 14h00 à 17h30","lundi au vendredi de 09h00 à 12h30 et de 14h00 à 17h30"
403,343,2,0,"05 17 17 38 29",,,"ddt-anah@charente.gouv.fr",,"lundi après-midi de 13h30 à 17h30 Mercredi matin et vendredi matin de 8h30 à 12h30","lundi après-midi de 13h30 à 17h30 Mercredi matin et vendredi matin de 8h30 à 12h30"
404,344,2,0,"05 16 49 63 19",,,"ddtm-anah@charente-maritime.gouv.fr",,"Du lundi au vendredi, de 9h à 12h30 et de 13h30 à 17h.","Du lundi au vendredi, de 9h à 12h30 et de 13h30 à 17h."
405,345,1,0,"05 46 01 18 67",,,"contact@defi-energies17.org",,"lundi au vendredi de 09h00 à 12h30 et de 14h00 à 17h30","lundi au vendredi de 09h00 à 12h30 et de 14h00 à 17h30"
406,346,1,0,"05 46 04 84 51",,,"energie@cg17.fr",,"Du lundi au Vendredi 9h-12h et 14h30-17h30","Du lundi au Vendredi 9h-12h et 14h30-17h30"
407,347,1,0,"05 49 66 68 63",,,"info.energie@pays-thouarsais.com",,"lundi : 9 h - 12 h 30 - mardi 14 h - 17 h 30 - mercredi 9 h - 12 h 30","lundi : 9 h - 12 h 30 - mardi 14 h - 17 h 30 - mercredi 9 h - 12 h 30"
408,348,1,0,"05 49 61 61 91",,,"info-energie@wanadoo.fr",,"de 8h30 à 12h et de 13h30 à 17h30 du lundi au jeudi et de 8h30 à 12h et de 13h30 à 17h00 le vendredi","de 8h30 à 12h et de 13h30 à 17h30 du lundi au jeudi et de 8h30 à 12h et de 13h30 à 17h00 le vendredi"
409,349,1,0,"04 94 51 41 36",,,"eie-estvar@adee-paca.fr",,"Lundi: 14h à 19h. / Mardi, mercredi: 14h à 17h30 / Vendredi: 14h à 16h.","Du lundi au Vendredi 9h-12h30 et 13h30-17h00"
410,350,1,0,"04 92 56 01 78",,,"eie.gap@eie05.org",,"Lundi : 9h-13hMercredi : 9h-12h et 14h-18hVendredi : 9h-13h","Lundi et Vendredi 9h-13h00 Mercredi 9h00-12h00 et 14h00-18h00"
411,351,3,1,"04 93 98 77 57",,,"info06@adil06.org","www.adil06.org","De 8h30 à 12h30 et de 13h30 à 17h sur rendez-vous","Du mardi au vendredi de 9h à 12h"
412,352,3,1,"04 96 11 24 69 ",,,"contact@adil13.org","www.adil13.org","Du lundi au vendredi 9h-12h30 / 14h-17h30. Sauf le 3ème lundi de chaque mois, ouverture de 14h à 17h30. Sur RV","Le lundi de 14h à 17h30 et du mardi au vendredi de 9h à 12h30 / 14h à 17h30"
413,353,3,1,"04 92 21 05 98",,,"accueil@adil05.org",,"Lundi et jeudi : 13h30-19h / Mardi, mercredi et vendredi : 10h-12h et 13h30-17h","Lundi : 13h30 - 19h / Mardi : 10h - 12h / 13h30 - 17h / Mercredi : 10h - 12h / 13h30 - 17h / Jeudi : 13h30 - 19h / Vendredi : 10h - 12h / 13h30 - 17h"
414,353,2,1,"04 92 21 05 98",,,"accueil@adil05.org",,"Lundi et jeudi : 13h30-19h / Mardi, mercredi et vendredi : 10h-12h et 13h30-17h","Lundi : 13h30 - 19h / Mardi : 10h - 12h / 13h30 - 17h / Mercredi : 10h - 12h / 13h30 - 17h / Jeudi : 13h30 - 19h / Vendredi : 10h - 12h / 13h30 - 17h"
415,354,3,1,"04 94 22 65 80",,,"adil@adil83.org","www.adil83.org","Du lundi au jeudi de 9h à 13h et 14h à 17h / Vendredi de 9h à 13h et 14h à 16h","Du lundi au vendredi de 9h à 17h45"
416,354,2,1,"04 94 22 65 80",,,"adil@adil83.org","www.adil83.org","Du lundi au jeudi de 9h à 13h et 14h à 17h / Vendredi de 9h à 13h et 14h à 16h","Du lundi au vendredi de 9h à 17h45"
417,355,3,1,"04 90 16 34 34",,,"conseils@adil84.fr","www.adil84.fr","lundi au jeudi de 8h30 à 12h30 et de 13h30 à 17h00, le vendredi jusqu'à 16h00. fermé au public le mardi matin.","Lundi : 11h30 - 12h30 / 16h - 17h / Mardi : 16h - 17h / Mercredi, jeudi : 11h30 - 12h30 / 15h15 - 16h / Vendredi : 11h30 - 12h30 / 15h15 - 16h"
418,356,1,0,"04 90 36 25 09",,,"eie.carpentras@aere-asso.com",,"Mercredi, Vendredi : 13h30-17h30 / CARPENTRAS (Maison du Département) :  / Jeudi : 9h-12h / SAULT :  / contacter EIE / VILLES SUR AUZON :  / contacter EIE","Du lundi au Vendredi 9h-12h30 et 13h30-17h00"
419,357,1,0,"04 32 70 09 31",,,"eie.avignon-agglo@aere-asso.com",,"Mardi, Jeudi : 9h-12h / Mercredi, Vendredi : 13h30-17h30","Du lundi au Vendredi 9h-12h30 et 13h30-17h00"
420,358,1,0,"04 90 74 09 18",,,"eie.luberon@aere-asso.com",,"Mercredi : 9h30-12h30 et 13h30-17h30Jeudi :14h-17h30Vendredi :13h30-17h30","Mercredi : 09h00-12h30 et 13h30-17h30 Jeudi : 14h00-17h30 Vendredi : 13h30-17h30"
421,359,1,0,"04 91 37 21 53",,,"contacts@ale-metropole-marseillaise.fr","www.ale-metropole-marseillaise.fr","lundi à jeudi : 14h-18h Vendredi : 9h-13h","Du lundi au jeudi de 14h à 18h et le vendredi de 9h à 13h"
422,361,1,0,"04 94 99 17 25",,,"infoenergie@communesforestieres.org",,"Mardi à Vendredi : 13h30-17h30 /  / SAINT MAXIMIN : / dernier vendredi du mois sur RDV : 14h-17h /  / BRIGNOLES : / dernier vendredi du mois sur RDV : 9h-12h","Du lundi au Vendredi 9h-12h30 et 13h30-17h00"
423,362,1,0,"04 89 87 72 30",,,"eie@agglo-casa.fr",,"Mercredi au Samedi : 9h00-12h30","du mercredi au samedi de 9h à 12H30"
424,363,1,0,"04 90 36 39 16",,,"infoenergie@ceder-provence.org",,"Lundi, Jeudi, Vendredi : 9h-12h et 14h-17h  / Mardi : 14h-17h","Lundi, Jeudi, Vendredi, de 9h à 12h  et de 14h à 17h (Mardi, Mercredi de 14h à 17h)"
425,364,1,0,"04 92 21 27 40",,,"eie.briancon@eie05.org",,,"Lundi au jeudi de 9h à 12h et de 14h à 17h"
426,365,1,0,"04 93 39 08 77",,,"csileie@free.fr","http://membres.lycos.fr/csilasso","Mercredi de 13h30 à 18h & Vendredi de 13h30 à 16h30 + en mairie annexe de Cannes la Bocca les mardis de 14h à 17h30","Mardi, Mercredi, Jeudi : 13h30-18h Vendredi : 13h30-16h30"
427,366,2,0,"04 92 30 55 55",,,"ddt-anah@alpes-de-haute-provence.gouv.fr",,"Lundi, mardi, jeudi et vendredi de 9h30 à 11h30 et de 14h à 16h.","Lundi, mardi, jeudi et vendredi de 9h30 à 11h30 et de 14h à 16h."
428,367,2,0,"04 90 80 85 50",,,"ddt-anah@vaucluse.gouv.fr",,"Du lundi au vendredi de 9h à 11h30.","Lundi et vendredi de 9h à 11h30. Le mercredi de 14h à 16h."
429,368,2,1,"04 93 72 72 70",,,"ddtm-shc-plp@alpes-maritimes.gouv.fr","www.alpes-maritimes.equipement.gouv.fr","Du lundi au vendredi de 9h à 12h et de 14h à 17h","Du lundi au vendredi de 9h à 12h et de 14h à 17h"
431,370,1,0,"04 42 53 78 44",,,"eie@ecopolenergie.com",,"Mardi : 15h-19h, Mercredi : 14h-18h, Vendredi : 9h-13h, 1er Lundi du mois à Fuveau 13h-17h","Du lundi au vendredi 9h-12h30 et 14h00-17h30"
432,371,1,0,"04 98 00 58 17",,,"celine.moquet@communesforestieres.org,",,"mardi au vendredi de 13h30 à 17h                                                                                             ADIL TOULON: 1er vendredi sur RDV  9h-12h30                                                                                       ","Du lundi au Vendredi 9h-12h30 et 13h30-17h00"
433,372,1,0,"04 97 07 24 63",,,"info.energie@nicecotedazur.org","http://www.nice.fr/Environnement/Maison-de-l-environnement","Mardi à Vendredi : 14h-17h30","Du lundi au Vendredi 9h-12h30 et 13h30-17h00"
434,373,1,0,"04 94 50 03 72",,,"eie@dracenie.com","http://www.dracenie.com","lundi au jeudi de 13h30 à 17h30","Du lundi au Vendredi 9h-12h30 et 13h30-17h00"
435,374,1,0,"04 42 53 78 44",,,"eiepaysdaix@wanadoo.fr",,"Lundi, Mardi, Mercredi, Jeudi: 14h-17h30 et  Vendredi : 9h-12h et de 14h à 17h30","Du lundi au endredi 9h-12h30 et 14h00-17h30"
436,375,1,0,"04 42 03 88 16",,,"eie.paysdaubagne@geres.eu","http://eie.paysdaubagne.geres.eu","Lundi, mardi et mercredi de 14 à 18h. autres horaires sur RdV.","Du lundi au mercredi de 14h00 à 18h00"
437,376,1,0,"04 92 36 08 16",,,"espace-info-energie@pact04.org",,"Tous les matins du lundi au vendredi de 9h à 12h.","Tous les matins du lundi au vendredi de 9h à 12h."
438,377,1,0,"04 92 60 78 75",,,"energie.mediterranee@planete-sciences.org","http://www.planete-sciences.org/mediterranee","Mercredi : 14h - 18h / Jeudi : 9h - 12h et 14h - 18h / Vendredi : 9h-12h","Du lundi au Vendredi 9h-12h30 et 13h30-17h00"
439,378,1,0,"04 97 07 24 63",,,"info.energie@ville-nice.fr","http://www.nice.fr/Environnement/Maison-de-l-environnement","Mardi à Vendredi : 14h-17h30","Mardi à Vendredi : 14h-17h30"
440,379,3,1,"04 50 45 79 72",,,,"www.adil74.org","Lundi, mercredi, jeudi : de 9h à 18h - Mardi : de 12h à 18h - Vendredi : de 9h à 12h et de 14h à 15h30","Lundi, mercredi et jeudi de 9h à 12h / 14h à 18h / Mardi de 14h à 18h / Vendredi de 9h à 12h"
441,380,3,1,"04 74 21 82 77",,,"adil.01@wanadoo.fr","www.adil01.org","Du lundi au jeudi de 9h à 18h Vendredi de 9h à 17h","Du lundi au jeudi de 9h à 18h Vendredi de 9h à 17h"
442,381,3,1,"04 76 53 37 30",,,"contacts@adil-isere.com","www.adil38.org","Du mardi au vendredi de 9h à 18h","Du mardi au vendredi de 9h à 18h"
443,382,3,1,"04 75 79 04 I3",,,"adil26@dromenet.org","http://adil.dromenet.org","du mardi au jeudi de 8h30 à 12h et de 13h à 17h30. Le vendredi de 8h30 à 12h et de 13h à 16h15.","Du mardi au vendredi de 8h30 à 12h et le lundi et jeudi de 13h à 17h30"
444,382,1,0,"04 75 79 04 13",,,"pieadil26@dromenet.org","http://pie.dromenet.org","du mardi au jeudi de 8h30 à 12h et de 13h à 17h30. Le vendredi de 8h30 à 12h et de 13h à 16h15.","Du mardi au vendredi de 8h30 à 12h et le lundi et jeudi de 13h à 17h30"
445,382,2,1,"04 75 79 04 I3",,,"adil26@dromenet.org","http://adil.dromenet.org","du mardi au jeudi de 8h30 à 12h et de 13h à 17h30. Le vendredi de 8h30 à 12h et de 13h à 16h15.","Du mardi au vendredi de 8h30 à 12h et le lundi et jeudi de 13h à 17h30"
446,383,3,1,"04 77 95 13 32",,,"contact@adil42.org","www.adil42.org","Du lundi au vendredi de 9h à 12h / 13h à 17h (sauf le jeudi après-midi)","Lundi, mardi, mercredi et vendredi de 9h à 12h / 13h à 17h / Jeudi de 9h à 12h"
447,384,3,1,"04 79 69 90 29",,,"info@adil73.org","www.adil73.org","Du lundi au vendredi de 9h à 12h / 13h30 à 17h","Du Lundi au vendredi de 9h à 12h / 13h30 à 17h"
448,385,3,1,"04 78 52 84 84",,,"contact@adilrhone.org","www.adilrhone.org","Du lundi au jeudi de 9h à 18h","Du lundi au jeudi de 9h à 18h"
449,385,2,1,"04 78 52 84 84",,,"contact@adilrhone.org","www.adilrhone.org","Du lundi au jeudi de 9h à 18h","Du lundi au jeudi de 9h à 18h"
450,386,1,0,"04 76 23 53 50",,,"infoenergie@ageden38.org","http://www.ageden38.org","Du lundi au vendredi de 9h à 12h30  / 14h à 17h30 (sauf le matin du premier lundi de chaque mois)","Du lundi au Vendredi 9h-12h30 et 14h00-17h30"
451,386,2,1,"04 76 23 53 50",,,"infoenergie@ageden38.org","http://www.ageden38.org","Du lundi au vendredi de 9h à 12h30  / 14h à 17h30 (sauf le matin du premier lundi de chaque mois)","Du lundi au Vendredi 9h-12h30 et 14h00-17h30"
452,387,3,0,"04 37 48 25 90",,,"contact@infoenergie69.org","http://www.infoenergie69.org","Mardi au vendredi : 9h -12h30 et 14h-17h30","Mardi au vendredi 9h-12h30 et 14h-17h30 (répondeur enregistreur en dehors de ces plages du lundi au vendredi de 9h à 18h avec rappel systématique)"
453,387,1,0,"04 37 48 25 90",,,"contact@infoenergie69.org","http://www.infoenergie69.org","Mardi au vendredi : 9h -12h30 et 14h-17h30","Mardi au vendredi 9h-12h30 et 14h-17h30 "
454,387,2,0,"04 37 48 25 90",,,"contact@infoenergie69.org","http://www.infoenergie69.org","Mardi au vendredi : 9h -12h30 et 14h-17h30","Mardi au vendredi 9h-12h30 et 14h-17h30 (répondeur enregistreur en dehors de ces plages du lundi au vendredi de 9h à 18h avec rappel systématique)"
455,388,3,0,,,,"infos@alec-grenoble.org","www.alec-grenoble.org",,
456,388,1,0,"04 76 00 19 09",,,"infos@alec-grenoble.org","www.alec-grenoble.org","Lundi 14h-18h mardi et mercredi 9h-12h et 14h-18h jeudi 14h-18h vendredi 9h-12h et 14h-18h","Du lundi au Vendredi 9h-12h00 et 14h-18h"
457,388,2,0,"04 76 00 19 09",,,"infos@alec-grenoble.org","www.alec-grenoble.org","Lundi 14h-18h mardi et mercredi 9h-12h et 14h-18h jeudi 14h-18h vendredi 9h-12h et 14h-18h","Du lundi au Vendredi 9h-12h00 et 14h-18h"
458,389,1,0,"04 79 85 88 50",,,"info@asder.asso.fr",,"Du lundi au vendredi de 9h à 12h00 et de 14h à 17h00 (sauf le jeudi matin)","Du lundi au vendredi de 9h à 12h00 et de 14h à 17h00 (sauf le jeudi matin)"
459,389,2,0,,,,"info@asder.asso.fr","www.asder.asso.fr","Du lundi au vendredi de 9h à 12h00 et de 14h à 17h00 (sauf le jeudi matin)",
460,390,1,0,"04 75 26 22 53",,,"infoenergie@ceder-provence.org","www.ceder-provence.org","lundi, jeudi et vendredi 9h-12h00 et 14h00-17h00mardi 14h-17hpas de permanence le mercredi","Lundi, Jeudi, Vendredi, de 9h à 12h et de 14h à 17h (Mardi, Mercredi de 14h à 17h)"
461,391,2,0,"04 50 33 79 60",,,"ddt-anah@haute-savoie.gouv.fr",,"du lundi au vendredi de 8h30 à 12h00 et de 13h30 à 16h30","du lundi au vendredi de 8h30 à 12h00 et de 13h30 à 16h30"
462,392,2,0,"04 77 43 81 97",,,"ddt-habitermieux@loire.gouv.fr",,"Du lundi au jeudi de 9h15 à 11h30 et de 14h15 à 16h15. / Le vendredi de 9h15 à 11h30 et de 14h15 à 15h30","Du lundi au jeudi de 9h15 à 11h30 et de 14h15 à 16h15. / Le vendredi de 9h15 à 11h30 et de 14h15 à 15h30"
463,393,2,0,"04 79 71 74 49",,,"ddt-shc-fla@savoie.gouv.fr",,"Sur rendez-vous","Du Lundi au jeudi de 14h00 à 16h30 (vendredi 14h00 à 16h00) / Répondeur en dehors de ces plages horaires"
464,394,1,0,"04 74 45 16 46",,,"info@helianthe.org","http://www.helianthe.org","Du mardi au Vendredi 9h-12h30 et 13h30-17h00","Du mardi au Vendredi 9h-12h00 et 13h30-17h00"
465,394,2,1,"04 74 45 16 46",,,"info@helianthe.org","http://www.helianthe.org","Du mardi au Vendredi 9h-12h30 et 13h30-17h00","Du mardi au Vendredi 9h-12h00 et 13h30-17h00"
466,395,1,0,"04 77 31 61 16",,,"infoenergie@heliose42.org",,"Du lundi au mercredi 9h-12h00 et 13h00-17h00 / jeudi 14h-17h / vendredi 9h-12h et 14h-17h","Du lundi au mercredi 9h-12h00 et 13h00-17h00 / jeudi 14h-17h / vendredi 9h-12h et 14h-17h"
467,396,1,0,"04 75 35 87 34",,,"eie@polenergie.org",,"Du lundi au Vendredi 9h-12h30 et 13h30-17h00","du mardi au jeudi 9h-12h et 14h-17h vendredi 9h-12h"
468,396,2,0,"04 75 35 87 34",,,"eie@polenergie.org",,"Du lundi au Vendredi 9h-12h30 et 13h30-17h00","du mardi au jeudi 9h-12h et 14h-17h vendredi 9h-12h"
469,397,1,0,"04 50 67 17 54",,,"contact@prioriterre.org",,"Accueil du public du lundi au vendredi de 8h00 à 12h00 et de 13h00 à 17h00","lundi de 15h00 à 17h00, mardi,  jeudi, vendredi  de 9h00 à 12h00 et de 13h00 à 17h00, mercredi de 13h00 à 17h00"
471,398,2,0,"05 34 33 46 25",,,"dcds-habitat@cg31.fr",,"Du lundi au vendredi de 9h à 12h et de 14h à 16h","Du lundi au vendredi de 9h à 12h et de 14h à 16h"
472,351,2,1,"04 93 98 77 57",,,"info06@adil06.org","www.adil06.org","De 8h30 à 12h30 et de 13h30 à 17h sur rendez-vous","Du mardi au vendredi de 9h à 12h"
473,352,2,1,"04 96 11 24 69 ",,,"contact@adil13.org","www.adil13.org","Du lundi au vendredi 9h-12h30 / 14h-17h30 . Sauf le 3ème lundi de chaque mois, ouverture de 14h à 17h30 (fermée le matin)","Le lundi de 14h à 17h30 et du mardi au vendredi de 9h à 12h30 / 14h à 17h30"
474,399,1,0,"03 20 52 00 23",,,"eie3@mres-asso.org",,"Sur Rendez-Vous","Du lundi au vendredi de 9h-12h et 14h-18h"
476,360,1,0,"04 90 96 43 86",,,"eie.clcvpaysarles@gmail.com","eie.clcvarles.fr",,"Du lundi au vendredi de 9h à 17h"
477,400,1,0,"03 59 61 12 01",,,"cprath@adilnord.fr","http://www.adilnord.fr","Sur Rendez-Vous","Mardi au vendredi: 9-12 h 30 et 13h30-17h30"
480,402,2,0,"05 55 80 38 20",,,"cc.benevent-gb@wanadoo.fr",,"Du lundi au vendredi de 8h30 à 17h","Du lundi au vendredi de 8h30 à 17h"
481,403,1,1,"03 83 37 25 87",,,"nancygrandsterritoires@eie-lorraine.fr","http://www.eie-lorraine.fr","Du lundi au vendredi de 9h00 à 12h / 14h00 à 18h","Du lundi au vendredi de 9h00 à 12h / 14h00 à 18h"
482,404,2,1,"03 89 46 79 50",,,"contact@adil68.fr","www.adil68.org","Du lundi au jeudi de 8h30 à 12h et de 14h à 17h30, jusqu'à 17h le vendredi, fermé au public le jeudi matin","Du lundi au jeudi de 8h30 à 12h et de 14h à 17h30, jusqu'à 17h le vendredi, fermé au public le jeudi matin"
483,405,1,0,"03 21 79 05 18",,,"infoenergie62@hdno.fr",,"Sur rendez-vous","Lundi : 14h17h  Mardi au Jeudi  9h-12h30 et 13h30-17h00 et vendredi 9h-12h30  et 13h30-16h0"
484,267,2,0,"03 62 53 25 14",,,"contact@adilnord.fr","www.adilnord.fr","Sur rendez-vous","lundi au jeudi : 8h30-12h30 et 13h30-17h00 Vendredi : 8h30-12h30 et 13h30-16h"
485,406,2,0,"02 98 98 01 20",,,"service.foncier-habitat@quimper.fr","www.quimper-communaute.fr","Lundi au Vendredi 8h30-17h30","Lundi au Vendredi 8h30-17h30"
486,407,1,0,"01 60 73 44 00",,,"energie@cc2f.fr","http://www.cc2f.fr/un-territoire-durable/","Lundi au Vendredi de 9h30 à 12h30 et de 14h à 17h","Lundi au Vendredi de 9h30 à 12h30 et de 14h à 17h"
487,408,3,1,"08 00 10 06 01",,,"eih@agglo-lorient.fr","http://eih.lorient-agglo.fr/","Lundi, Mercredi, Vendredi 9h-12h, 14h-17h15 Mardi, Jeudi 9h-12h","Lundi, Mercredi, Vendredi 9h-12h, 14h-17h15 Mardi, Jeudi 9h-12h"
488,408,2,1,"08 00 10 06 01",,,"eih@agglo-lorient.fr","http://eih.lorient-agglo.fr/","Lundi, Mercredi, Vendredi 9h-12h, 14h-17h15 Mardi, Jeudi 9h-12h","Lundi, Mercredi, Vendredi 9h-12h, 14h-17h15 Mardi, Jeudi 9h-12h"
489,408,1,1,"08 00 10 06 01",,,"eih@agglo-lorient.fr","http://eih.lorient-agglo.fr/","Lundi, Mercredi, Vendredi 9h-12h, 14h-17h15 Mardi, Jeudi 9h-12h","Lundi, Mercredi, Vendredi 9h-12h, 14h-17h15 Mardi, Jeudi 9h-12h"
490,409,3,1,"02 97 60 42 55",,,"contact@operation-renovee.fr","http://www.operation-renovee.fr/","Tous les jours 8h30-12h30, 14h-18h","Tous les jours 8h30-12h30, 14h-18h"
491,409,1,1,"02 97 60 42 55",,,"contact@operation-renovee.fr","http://www.operation-renovee.fr/","Tous les jours 8h30-12h30, 14h-18h","Tous les jours 8h30-12h30, 14h-18h"
492,409,2,1,"02 97 60 42 55",,,"contact@operation-renovee.fr","http://www.operation-renovee.fr/","Tous les jours 8h30-12h30, 14h-18h","Tous les jours 8h30-12h30, 14h-18h"
493,410,3,1,"02 98 33 20 09",,,"tinergie@energence.net","tinergie-brest.fr","Lundi au Vendredi 13h30-17h30","Lundi au Vendredi 9h00-17h30"
494,410,1,1,"02 98 33 20 09",,,"tinergie@energence.net","tinergie-brest.fr","Lundi au Vendredi 13h30-17h30","Lundi au Vendredi 9h00-17h30"
495,410,2,1,"02 98 33 20 09",,,"tinergie@energence.net","tinergie-brest.fr","Lundi au Vendredi 13h30-17h30","Lundi au Vendredi 9h00-17h30"
496,123,1,1,"03 81 61 92 41",,,"adil25@orange.fr","www.adil25.org","Le lundi de 9h à 12h et 14h-18h / Du mardi au vendredi de 8h30-12h30 et 14h-18h","Du lundi au jeudi de 9h à 12h / 14h à 17h  Vendredi de 12h à 17h "
497,411,2,1,800003625,,,"environnement_sante@ville-limoges.fr","http://habitat-energie.ville-limoges.fr","Lundi au vendredi de 8h30 à 12h30 et de 13h30 à 17h00","Lundi au vendredi de 8h30 à 12h30 et de 13h30 à 17h00"
498,412,1,1,"03 88 58 01 55","03 88 58 01 55",,"info.energie@cc-selestat.fr","http://www.cc-selestat.fr/","Du lundi au vendredi 8h30 à 12h30 et de 13h30 à 17h30","Du lundi au vendredi de 8h30 à 12h30 et de 13h30 à 17h30"
499,233,3,1,"03 54 50 20 40",,,"mhdd@grand-nancy.org","www.grand-nancy.org/mhdd","Du lundi au jeudi de 9h à 12h et de 13h à 18h. Le vendredi de 9h à 12h et de 13h à 17h","Du lundi au jeudi de 9h à 12h et de 13h à 18h. Le vendredi de 9h à 12h et de 13h à 17h"
500,413,3,1,"03 83 49 81 19",,,"habitat@bassinpompey.fr","http://www.bassinpompey.fr","Du lundi au vendredi de 9h à 12h30 et de 14h à 18h","Du lundi au vendredi de 9h à 12h30 et de 14h à 18h"
501,413,2,1,"03 83 49 81 19",,,"habitat@bassinpompey.fr","http://www.bassinpompey.fr","Du lundi au vendredi de 9h à 12h30 et de 14h à 18h","Du lundi au vendredi de 9h à 12h30 et de 14h à 18h"
502,413,1,1,"03 83 49 81 19",,,"habitat@bassinpompey.fr","http://www.bassinpompey.fr","Du lundi au vendredi de 9h à 12h30 et de 14h à 18h","Du lundi au vendredi de 9h à 12h30 et de 14h à 18h"
503,390,2,0,"04 75 26 22 53",,,"infoenergie@ceder-provence.org","www.ceder-provence.org","lundi, jeudi et vendredi 9h-12h00 et 14h00-17h00mardi 14h-17hpas de permanence le mercredi","Lundi, Jeudi, Vendredi, de 9h à 12h et de 14h à 17h (Mardi, Mercredi de 14h à 17h)"
